MODULE 0 — THỬ TÀI PHẢN XẠ · 10 QUY TẮC CỦA XƯỞNG SÁNG TẠO,,,,,
Bố cục mỗi bài: PHẦN 1 — Xem video  ·  PHẦN 2 — Thử tài phản xạ (2 câu hỏi). Đáp án đúng đánh dấu ✔.,,,,,
,,,,,
STT,MÃ,TÊN QUY TẮC,LINK VIDEO,CÂU HỎI THỬ TÀI PHẢN XẠ,HÌNH ẢNH MINH HOẠ (cắt từ video)
1,QT1,"Hãy nghĩ ý tưởng của cậu, rồi mới chia sẻ với AKI nhé!",https://youtu.be/opYm3mvrnqI,"CÂU 1. Cô giáo ra đề vẽ siêu anh hùng CỦA RIÊNG mỗi bạn. Vì sao bức tranh nguệch ngoạc của Sonet lại đúng yêu cầu hơn?

A. Vì Sonet vẽ nhanh hơn Zico
B. Vì đó là ý riêng của Sonet  ✔ ĐÁP ÁN
C. Vì bức của Sonet nhiều màu hơn

✅ Đúng: Chuẩn rồi! Đúng yêu cầu không phải là đẹp hơn, mà là KHÔNG GIỐNG AI.
💡 Sai: Chưa đúng nhé. Bức của Zico đẹp nhưng rất quen — ai gõ AI cũng ra được. Bức của Sonet mới là của riêng bạn ấy.",https://drive.google.com/file/d/1clH4Pdi8kGVwzxW1Kh2cGnleCi0Boqgw/view?usp=drive_link
,,,,"CÂU 2. Vì sao cứ gõ cho AKI câu “siêu anh hùng ngầu” thì hay ra những nhân vật giống hệt nhau?

A. Vì AKI vẽ xấu
B. Vì AKI lấy ngay cái quen thuộc nhất trong kho hình có sẵn   ✔ ĐÁP ÁN
C. Vì máy chạy chậm

✅ Đúng: Đúng! Câu tả chung chung thì AKI chỉ lấy được cái ai cũng nghĩ tới.
💡 Sai: Chưa đúng. AKI có cả kho hình trong đầu, gõ chung chung là nó lấy cái quen thuộc nhất — nên ai cũng ra giống nhau.",https://drive.google.com/file/d/1OxqYxs5isNVhE1EAdlGGiauJHFNuLwC8/view?usp=drive_link
2,QT2,"Nội dung là do cậu viết, hãy đảm bảo viết xong mới gửi cho AKI!",https://youtu.be/_8Ig_cX25-4,"CÂU 1. Tờ giấy TÌM CHÓ LẠC viết đúng chính tả, dán khắp phố, vậy mà không ai nhận ra Bông. Vì sao?

A. Vì chữ trên tờ giấy nhỏ quá
B. Vì thiếu chi tiết riêng của Bông: chuông vàng ở cổ, chân sau đi khập khiễng   ✔ ĐÁP ÁN
C. Vì tờ giấy dán sai chỗ

✅ Đúng: Chính xác! Đúng chính tả chưa đủ — phải có chi tiết chỉ riêng Bông mới có.
💡 Sai: Chưa đúng nhé. Người đi qua đọc xong, nhìn xuống con chó nâu ngay cạnh chân rồi vẫn bỏ đi — vì tờ giấy không tả gì riêng của Bông.",https://drive.google.com/file/d/1NVOMdFbjVk1-Jn8y97ETbVp8yYjjMyzM/view?usp=drive_link
,,,,"CÂU 2. Trong tờ tìm chó ấy, phần nào là việc của cậu, phần nào là việc của AKI?

A. Trẻ viết chi tiết riêng của Bông — AKI giúp trang trí cho tờ giấy đẹp   ✔ ĐÁP ÁN
B. AKI viết hết tất cả từ chi tiết Bông cho đến vẽ giấy, trẻ chỉ việc đem đi dán
C. Trẻ chỉ chọn màu cho đẹp thôi, còn chữ và ý tưởng cứ để AKI lo

✅ Đúng: Đúng rồi! Nội dung là của các cậu, AKI chỉ giúp phần trang trí.
💡 Sai: Chưa đúng. AKI viết được câu đúng ngữ pháp, nhưng nó không biết Bông đi khập khiễng — chỉ các cậu mới biết.",https://drive.google.com/file/d/1-owyTz8zmzqoAahwprWvqTZUi58_9TGN/view?usp=drive_link
3,QT3,Sản phẩm mà cậu tạo ra phải có giá trị cho ai đó nhé!,https://youtu.be/c-QyfBspnlY,"CÂU 1. Hai trăm tấm hình đẹp long lanh bị mẹ lắc đầu, còn một tấm thẻ chẳng đẹp bằng lại được bà giữ suốt hai năm. Vì sao?

A. Vì tấm thẻ được in to hơn
B. Vì bà cần dùng nó mỗi ngày   ✔ ĐÁP ÁN
C. Vì tấm thẻ nhiều màu hơn

✅ Đúng: Đúng! Thứ có người cần — dù chỉ một người — mới được giữ lại.
💡 Sai: Chưa đúng nhé. Không phải to hơn hay đẹp hơn, mà là có người thật sự dùng tới nó.",https://drive.google.com/file/d/1EG0WweHB6er6WTdCvkSnoWkw31uHLY0y/view?usp=drive_link
,,,,"CÂU 2. Trước khi bắt tay làm tấm thẻ, Mimi đã làm một việc rất quan trọng. Đó là việc gì?

A. Bấm tạo thật nhiều hình rồi chọn tấm đẹp nhất
B. Hỏi bà một câu: bà ơi, bà hay quên cái gì nhất ạ?   ✔ ĐÁP ÁN
C. Hỏi AKI xem nên làm gì

✅ Đúng: Chuẩn! Hỏi trước — làm cho ai, để làm gì — rồi mới bắt tay vào làm.
💡 Sai: Chưa đúng. Mimi hỏi bà trước, biết bà hay quên số điện thoại, nên mới làm tấm thẻ ghi số chữ thật to.",https://drive.google.com/file/d/1MaZrtyvq9JnvOOqR8qMuV8WVaTr2mzAo/view?usp=drive_link
4,QT4,Cậu phải luôn chia sẻ được vì sao cậu chọn ý tưởng này!,https://youtu.be/hYA-syKR58c,"CÂU 1. Hai bức tranh đẹp như nhau, cô giáo hỏi “vì sao con chọn thế này?”. Ai mới là người trả lời được câu đó?

A. AKI
B. Chính các bạn nhỏ   ✔ ĐÁP ÁN

✅ Đúng: Đúng rồi! Chỉ con mới biết vì sao con chọn.
💡 Sai: Chưa đúng nhé. AKI làm ra được màu vàng, nhưng nó không biết bà của con mặc áo màu gì.",https://drive.google.com/drive/u/0/folders/1W7UbpUS2KwJm4YUm7DveXMGv-YP-Akz_
,,,,"CÂU 2. Sonet đã trả lời như thế nào mà cả hội trường vỗ tay?

A. Tớ chọn màu vàng, vì màu vàng đẹp nhất
B. Tớ chọn màu vàng, vì cái áo bà tớ hay mặc màu vàng   ✔ ĐÁP ÁN
C. Tớ chọn màu vàng, vì AKI gợi ý thế

✅ Đúng: Chính xác! Chỉ cần một câu “tớ chọn cái này vì...” là bức tranh thành của riêng con.
💡 Sai: Chưa đúng. Câu của Sonet gắn với một điều thật trong nhà bạn ấy — cái áo vàng của bà.",https://drive.google.com/drive/u/0/folders/1W7UbpUS2KwJm4YUm7DveXMGv-YP-Akz_
5,QT5,"Không để AKI làm 1 mình, hãy chia việc ra nhé!",https://youtu.be/zOth3oOcJ4U,"CÂU 1. Zico nhờ AKI làm bức tranh từ đầu đến cuối. Đến lúc ghi tên thì bút không chịu ăn mực. Vì sao?

A. Vì cái bút bị hỏng
B. Vì Zico để AKI làm hết, chẳng còn phần việc nào là của bạn ấy   ✔ ĐÁP ÁN
C. Vì tấm bảng tên bị ướt

✅ Đúng: Đúng! Làm phần nào thì mới ghi tên được phần đó.
💡 Sai: Chưa đúng nhé. Bút vẫn tốt — chỉ là cả bức tranh không có phần việc nào của Zico cả.",https://drive.google.com/file/d/1JghYrkioFKoD5RBjHKQ0V_bTDILIAPi4/view?usp=drive_link
,,,,"CÂU 2. Sau khi chia lại việc, phần nào là của Zico?

A. Vẽ nền và tô màu
B. Nghĩ ý tưởng, chọn màu, viết chữ trong tranh   ✔ ĐÁP ÁN
C. Không phần nào cả, AKI vẫn làm hết

✅ Đúng: Chuẩn rồi! Cậu một cột, AKI một cột — rồi ghi cả hai tên.
💡 Sai: Chưa đúng. Vẽ nền với tô màu là phần của AKI; ý tưởng, chọn màu và viết chữ mới là phần của Zico.",https://drive.google.com/file/d/1MsBlT7hWYEuiIk1l-wLER_H7tCLjyNXV/view?usp=drive_link
6,QT6,"Để bảo vệ cậu và mọi người, hình ảnh cá nhân là điều hạn chế nhé!",https://youtu.be/K-AOZvWGoj4,"CÂU 1. Tấm ảnh hai bạn chụp trước cổng trường trông rất bình thường. Thật ra trong ảnh có mấy chỗ nguy hiểm?

A. Một chỗ
B. Ba chỗ   ✔ ĐÁP ÁN
C. Không có chỗ nào

✅ Đúng: Đúng! Ba chỗ: bảng tên trên áo, tên trường trên cổng, và người lạ đứng phía sau.
💡 Sai: Chưa đúng nhé. Có tới ba chỗ lận: bảng tên áo, tên trường trên cổng, và người lạ phía sau.",https://drive.google.com/file/d/1QD4Flm4Q4-IHBH3VuL1HyRyDfzfGI2m7/view?usp=drive_link
,,,,"CÂU 2. Trước khi đưa một tấm ảnh cho AI, con phải kiểm ba thứ nào?

A. Màu sắc — ánh sáng — độ nét
B. NGƯỜI — THÔNG TIN — ĐỊA ĐIỂM   ✔ ĐÁP ÁN
C. Ngày — giờ — thời tiết

✅ Đúng: Chính xác! Có thì che đi hoặc chọn tấm khác, rồi hỏi bố mẹ một câu cho chắc.
💡 Sai: Chưa đúng. Ba thứ phải kiểm là NGƯỜI (có ai khác không), THÔNG TIN (tên, bảng tên, giấy tờ) và ĐỊA ĐIỂM (trường, nhà, chỗ hay đến).",https://drive.google.com/file/d/18KGTA2wKPo0ajOaHfDnGl4cLbgbtE_KB/view?usp=drive_link
7,QT7,Hãy tôn trọng sự thật & đưa những thông tin chính xác!,https://youtu.be/V25rcXxSLGw,"CÂU 1. AKI nói cá voi xanh dài ba trăm mét, giọng chắc như đinh đóng cột — mà lại sai. Làm sao biết lúc nào AKI đang nói sai?

A. Nghe giọng AKI là biết ngay
B. Mở sách, hỏi thầy cô và bố mẹ   ✔ ĐÁP ÁN

✅ Đúng: Đúng! Nghe AKI xong thì phải kiểm lại, chắc chắn đúng rồi mới kể cho người khác.
💡 Sai: Chưa đúng nhé. AKI sai cũng nói to như đúng — nghe giọng thì không biết được đâu, phải kiểm lại.",https://drive.google.com/file/d/1tWyWH7j9Y-fvYUsjknZS9SYhds4nLNHV/view?usp=drive_link
,,,,"CÂU 2. Ba thứ AKI hay nói sai, phải kiểm lại là gì?

A. Màu sắc — hình dáng — kích thước
B. Số liệu — ngày tháng — tên người   ✔ ĐÁP ÁN
C. Chữ viết — dấu câu — chính tả

✅ Đúng: Chuẩn rồi! Ba thứ này gặp là phải mở sách hoặc hỏi người lớn.
💡 Sai: Chưa đúng. Ba chỗ AKI hay sai nhất là số liệu, ngày tháng và tên người.",https://drive.google.com/file/d/1zS0DPZfX749LEkT9Z5mGPzT3n_hI5TmW/view?usp=drive_link
8,QT8,"Nếu AKI làm chưa tốt, cậu hãy thử sửa mô tả, đừng chỉ bấm nhé!",https://youtu.be/G_CSEYb3FhA,"CÂU 1. Mimi bấm bảy lần rồi mà AKI vẫn ra sai con mèo. Bấm tiếp lần thứ tám thì có ra đúng không?

A. Có chứ, bấm mãi rồi cũng ra
B. Không đâu — bấm lại nghĩa là hỏi AKI y hệt câu cũ   ✔ ĐÁP ÁN

✅ Đúng: Đúng! Câu hỏi không đổi thì câu trả lời cũng thế thôi.
💡 Sai: Chưa đúng nhé. Bấm lại là hỏi lại đúng câu cũ, nên AKI vẫn trả lời y như vậy.",https://drive.google.com/file/d/1984n1FuvHK0skW0EZEc2cihvuy6Etp9H/view?usp=drive_link
,,,,"CÂU 2. Khi AKI làm chưa đúng, ba bước sửa là gì?

A. Bấm lại — đợi một lúc — bấm tiếp
B. Gọi tên chỗ sai — tìm chỗ thiếu trong câu tả — viết thêm rồi mới tạo   ✔ ĐÁP ÁN

✅ Đúng: Chính xác! “Dễ thương” có cả triệu kiểu, còn “tai trái bị rách” thì chỉ có đúng một.
💡 Sai: Chưa đúng. Ba bước là: gọi tên chỗ sai, tìm chỗ thiếu trong câu tả, viết thêm rồi mới bấm tạo.",https://drive.google.com/file/d/16CDBughX38E9SmJDtXkEhk1aO7Skyug5/view?usp=drive_link
9,QT9,Hãy luôn kiểm tra và đọc kỹ lại những gì AKI viết ra!,https://youtu.be/xuiCccbt1VQ,"CÂU 1. Tấm băng rôn in nhầm chữ VIỆT NEM. Ai mới là người phải đọc lại những gì AKI viết ra?

A. AKI
B. Chính các bạn nhỏ   ✔ ĐÁP ÁN

✅ Đúng: Đúng rồi! AKI viết nhanh nên cũng gõ nhầm — người dùng phải đọc lại.
💡 Sai: Chưa đúng nhé. AKI đâu biết tên trường, tên cô của con viết thế nào — con mới là người đọc lại.",https://drive.google.com/file/d/1Gul4kpI1_2IkexB7l_GIgcP2Ejnfaqg5/view?usp=drive_link
,,,,"CÂU 2. Vì sao phải đọc TO lên chứ không đọc thầm bằng mắt?

A. Vì đọc to thì nhanh hơn
B. Vì đọc thầm thì mắt tự đoán và bỏ qua chỗ sai, còn đọc to thì tai bắt được ngay   ✔ ĐÁP ÁN
C. Vì đọc to thì AKI nghe thấy

✅ Đúng: Chuẩn! Đọc TO một lượt trước khi in hoặc gửi đi.
💡 Sai: Chưa đúng. Mắt đọc thầm hay tự đoán rồi lướt qua chỗ sai; đọc to lên thì cái tai sẽ bắt được.",https://drive.google.com/file/d/1fc7lJZI9sy5fMSIpnM1JVcyUPoY_Pg2F/view?usp=drive_link
10,QT10,"Bài tập ở trường là của cậu, đừng bắt AKI phải làm nhé!",https://youtu.be/5OH5fFoBWvY,"CÂU 1. Zico nhờ AKI làm hộ bài về nhà, được mười điểm. Hôm sau đi kiểm tra, Zico có làm được không?

A. Làm được chứ
B. Không làm được — vì hôm ấy AKI đâu có ngồi cạnh   ✔ ĐÁP ÁN

✅ Đúng: Đúng! Làm hộ thì tờ giấy được điểm, còn cái đầu vẫn chưa hiểu.
💡 Sai: Chưa đúng nhé. Bài tập giống tập thể dục — có người tập hộ thì mình đâu có cao lên được.",https://drive.google.com/file/d/12FSvhktwFWBelkNceqRx5eibf52PQqW-/view?usp=drive_link
,,,,"CÂU 2. Nhờ AKI kiểu nào thì được?

A. AKI làm hộ tớ bài này
B. AKI giảng cho tớ hiểu vì sao 7 cộng 5 bằng 12   ✔ ĐÁP ÁN

✅ Đúng: Chính xác! Nhờ GIẢNG thì được, nhờ LÀM HỘ thì không.
💡 Sai: Chưa đúng. Nhờ làm hộ thì con vẫn không hiểu; nhờ giảng thì con tự làm được.",https://drive.google.com/file/d/1RJQLIRihQBKmpVX3Zmy23Xoe8JzQfr0Z/view?usp=drive_link