MODULE 2 — TỚ LÀ HOẠ SĨ AI!,,,,,,,,
"Cậu tạo được một bức tranh có nội dung và cảm xúc, không chỉ là hình đẹp. Sản phẩm: một bức A3 có tên tranh và hai câu cậu viết. Câu chốt: bức tranh đẹp là bức tranh kể được một chuyện.",,,,,,,,
,,,,,,,,
PHẦN 1 — TỔNG THỂ,,,,,,,,
Bài,Tên bài,Mục tiêu của bài,Kỹ năng trẻ học được,,Điểm chặn,Trong Xưởng thực hành,Học liệu tạo ra,Trẻ hoàn thành
2.1,Bức tranh biết nói,Trẻ kể được câu chuyện ẩn trong một bức tranh.,Nhìn ra ba dấu hiệu của một bức tranh biết kể chuyện.,,Buổi duy nhất không có công cụ tạo. Toàn bộ nút tạo bị ẩn hẳn chứ không phải khoá.,"Xem bốn bức, kể chuyện từng bức bằng giọng nói, rồi đoán bức nào do AI vẽ.","Bản ghi âm cậu kể chuyện, đưa vào nhật ký tuần gửi phụ huynh.","Cậu kể được chuyện có mở đầu và có diễn biến, không chỉ liệt kê thứ nhìn thấy trong tranh."
2.2,Ai là ngôi sao?,"Trẻ sắp xếp được nhân vật chính, nhân vật phụ và nền trong một bức.","Bốn từ chỉ bố cục: tiền cảnh, ở giữa, phía sau, góc trái góc phải.",,"Chưa nộp ảnh chụp bàn xếp giấy thì ô câu lệnh chưa mở. Làm bằng tay trước, AKI làm sau.","Cắt ba hình giấy, xếp ba lớp trên bàn, chụp ảnh nộp, rồi mới tả đúng thứ tự đó cho AKI.","Ảnh bàn xếp giấy và bức AKI tạo, dán cạnh nhau để đối chiếu.",Cậu chỉ ra được chỗ nào bức AKI khớp với bàn của mình và chỗ nào lệch.
2.3,Cảm xúc của Sắc màu,Trẻ chọn được ánh sáng theo đúng cảm xúc mình muốn truyền.,"Chọn cảm xúc trước, chọn tông ánh sáng sau.",,Chưa chọn cảm xúc thì bốn tông ánh sáng chưa hiện ra.,"Lấy cảnh của mình, chọn một cảm xúc, tạo cùng cảnh đó với bốn tông ánh sáng, ghi cảm nhận rồi chọn một.","Bốn bức cùng cảnh khác ánh sáng, dán vào sổ.","Bức cậu chọn khớp với cảm xúc cậu chọn từ đầu, không phải chọn bức nhìn đẹp nhất."
2.4,Mảnh ghép hoàn hảo,"Trẻ hoàn thành một bức tranh, đặt tên và kể được nội dung.","Gộp ba kỹ năng đã học là câu lệnh bốn ô, bố cục và ánh sáng. Cộng thêm kỹ năng đặt tên tranh.",,Chưa trả lời đủ ba câu chấm bằng giọng nói thì nút In A3 chưa mở.,"Làm bức của mình, đặt tên, viết hai câu về chuyện trong tranh, trả lời ba câu chấm rồi mới in.","Bức tranh A3 in ra, đóng khung, treo tường. Có nhãn ghi công. Đây là sản phẩm Module 2.","Tên tranh nói thêm được một điều không nhìn thấy trong tranh, chứ không mô tả lại cái đã thấy."
PHẦN 2 — CHI TIẾT KỊCH BẢN VIDEO  ·  mỗi bài một video 7 phút,,,,,,,,
Bài,Phân đoạn,Thời lượng,Lời thoại AKI,Voice Gen (có tag),CẦN TẠO,GHI CHÚ,,
Bài 2.1 — Bức tranh biết nói,,,,,,,,
1.1,1. INTRO,0:00–0:15,"Xưởng sáng tạo Ây ai Kít mở cửa rồi! Xin chào các cậu, tớ là AKI, chú mèo máy thông minh nhì quả đất này. Hôm nay chúng mình bước vào một chủ đề mới: TỚ LÀ HOẠ SĨ AI. Bài đầu tiên có tên là Bức tranh biết nói. ","[excited] Xưởng sáng tạo AIKID mở cửa rồi! [giggles] Xưởng sáng tạo Ây ai Kít mở cửa rồi! Xin chào các cậu, tớ là AKI, chú mèo máy thông minh nhì quả đất này.  [cheerful] Hôm nay chúng mình đến với chủ đề TỚ LÀ HOẠ SĨ ÂY AI. [curious] Bài đầu tiên: Bức tranh biết nói.","Intro Mèo AIKI mở cửa, và  bắt đầu chia sẻ, có POP UP Text",,,
,2. TÌNH HUỐNG,0:15–1:15,"Hôm trước Nabi ngồi tạo ra rất nhiều bức tranh, bức nào cũng đẹp lung linh. Nhưng xem xong một lúc, Nabi chẳng nhớ nổi bức nào.
Ấy thế mà bên nhà bà ngoại của Nabi, có những tấm ảnh cũ trên tường. Có 1 Ảnh hơi mờ, màu đã ngả vàng, một góc còn bị gấp. Nabi hỏi: “Ảnh này chụp gì thế ạ?” Thế là cả nhà bắt đầu kể. Hôm ấy trời mưa rất to. Bố đang chạy đi lấy áo mưa. Một chiếc dép bị nước cuốn mất. Còn chú chó thì trốn dưới gầm ghế vì sợ sấm.
Nabi ngồi nghe mãi mà câu chuyện vẫn chưa hết. Lúc ấy Nabi mới hiểu: tấm ảnh ấy chẳng đẹp bằng những bức tranh cậu ấy vừa xem, nhưng nó làm người ta muốn nhìn lâu hơn, vì trong đó có một câu chuyện.","[cheerful] Hôm trước Nabi tự ngồi tạo ra rất nhiều bức tranh, bức nào cũng đẹp lung linh. [sighs] Nhưng xem xong một lúc, Nabi  chẳng nhớ nổi bức nào.
[thoughtful] Ấy thế mà bên nhà bà ngoại của cậu ấy, có một tấm ảnh cũ trên tường. [calm] Ảnh hơi mờ, màu đã ngả vàng, một góc còn bị gấp. [curious] Nabi  hỏi: “Ảnh này chụp gì thế ạ?” [cheerful] Thế là cả nhà bắt đầu kể. [dramatic] Hôm ấy trời mưa rất to. Bố đang chạy đi lấy áo mưa. [surprised] Một chiếc dép bị nước cuốn mất. [playful] Còn chú chó thì trốn dưới gầm ghế vì sợ sấm.
[amazed]  Nabi ngồi nghe mãi mà câu chuyện vẫn chưa hết. [thoughtful] Lúc ấy cậu ấy mới hiểu: [warm] tấm ảnh ấy chẳng đẹp bằng những bức tranh Nabi vừa xem, nhưng nó làm người ta muốn nhìn lâu hơn, vì trong đó có một câu chuyện.", Tình huống,,,
,3. XEM MẪU + DẠY 1 KỸ NĂNG,1:15–3:00,"Vậy làm thế nào để nhìn một bức tranh mà tìm ra được chuyện? Tớ có một mẹo rất dễ nhớ. Chỉ cần hỏi ba câu thôi:
ĐANG LÀM GÌ? — CÓ GÌ LẠ? — RỒI SAO?
Câu thứ nhất: ĐANG LÀM GÌ? Hãy tìm xem nhân vật trong tranh đang làm gì. Không phải chỉ đứng cười hay nhìn vào máy ảnh đâu nhé. Có thể bạn ấy đang trèo lên ghế, đang chạy, đang với tay lấy một món đồ, hay đang giấu thứ gì đó sau lưng. Khi nhân vật đang làm một việc, câu chuyện bắt đầu chuyển động.
Câu thứ hai: CÓ GÌ LẠ? Hãy nhìn quanh xem có chi tiết nào khiến các cậu phải thắc mắc không. Một cái ghế bị đổ. Dấu chân bùn chạy vào trong nhà. Cốc nước bị đổ. Một chiếc dép nằm giữa phòng. Cánh cửa mở nhưng chẳng thấy ai. Những chi tiết lạ ấy chính là manh mối để mình đoán chuyện gì vừa xảy ra.
Câu cuối cùng: RỒI SAO? Hãy thử đoán xem chuyện gì sẽ xảy ra tiếp theo. Bạn ấy có lấy được món đồ không? Ai vừa chạy ra khỏi cửa? Con mèo đang trốn ai? Nếu nhìn một bức tranh mà trong đầu các cậu tự bật ra câu “Rồi sao nữa?”, thì bức tranh ấy đã bắt đầu biết kể chuyện rồi đấy.
Nào, đọc lại cùng tớ nhé: Đang làm gì? Có gì lạ? Rồi sao?","[curious] Vậy làm thế nào để nhìn một bức tranh mà tìm ra được chuyện? [mischievous] Tớ có một mẹo rất dễ nhớ. [deliberate] Chỉ cần hỏi ba câu thôi:
[emphasized] ĐANG LÀM GÌ? — CÓ GÌ LẠ? — RỒI SAO?
[deliberate] Câu thứ nhất: ĐANG LÀM GÌ? [curious] Hãy tìm xem nhân vật trong tranh đang làm gì. [playful] Không phải chỉ đứng cười hay nhìn vào máy ảnh đâu nhé. [excited] Có thể bạn ấy đang trèo lên ghế, đang chạy, đang với tay lấy một món đồ, hay đang giấu thứ gì đó sau lưng. [thoughtful] Khi nhân vật đang làm một việc, câu chuyện bắt đầu chuyển động.
[deliberate] Câu thứ hai: CÓ GÌ LẠ? [curious] Hãy nhìn quanh xem có chi tiết nào khiến các cậu phải thắc mắc không. [surprised] Một cái ghế bị đổ. Dấu chân bùn chạy vào trong nhà. Cốc nước bị đổ. Một chiếc dép nằm giữa phòng. [gasps] Cánh cửa mở nhưng chẳng thấy ai. [thoughtful] Những chi tiết lạ ấy chính là manh mối để mình đoán chuyện gì vừa xảy ra.
[deliberate] Câu cuối cùng: RỒI SAO? [curious] Hãy thử đoán xem chuyện gì sẽ xảy ra tiếp theo. Bạn ấy có lấy được món đồ không? [surprised] Ai vừa chạy ra khỏi cửa? Con mèo đang trốn ai? [encouraging] Nếu nhìn một bức tranh mà trong đầu các cậu tự bật ra câu “Rồi sao nữa?”, thì bức tranh ấy đã bắt đầu biết kể chuyện rồi đấy.
[excited] Nào, đọc lại cùng tớ nhé: [emphasized] Đang làm gì? Có gì lạ? Rồi sao?","Mèo AKI chia sẻ, diễn hoạt bảng trắng",,,
,4. LÀM CÙNG,3:00–4:00,"Bây giờ đến lượt các cậu rồi nhaa. Trong Xưởng hôm nay có 1 bức tranh. Các cậu hãy nhìn thật kỹ rồi kể bằng miệng câu chuyện mình nhìn thấy, cho bố mẹ nghe nhé. Nếu chưa biết bắt đầu từ đâu thì nhớ ba câu hỏi của Hoạ sĩ nhé: Đang làm gì? Có gì lạ? Rồi sao?
Nhớ này, đừng chỉ kể: “Có cái cây, có cái bàn, có một bạn nhỏ...” nhé. Như thế là đang đọc danh sách giống tớ lúc nãy đấy.","[excited] Bây giờ đến lượt các cậu rồi nhaa. [cheerful] Trong Xưởng hôm nay có 1 bức tranh. [encouraging] Các cậu hãy nhìn thật kỹ rồi kể bằng miệng câu chuyện mình nhìn thấy, cho bố mẹ nghe nhé. [gentle] Nếu chưa biết bắt đầu từ đâu thì nhớ ba câu hỏi của Hoạ sĩ nhé: [emphasized] Đang làm gì? Có gì lạ? Rồi sao?
[serious] Nhớ này, đừng chỉ kể: “Có cái cây, có cái bàn, có một bạn nhỏ...” nhé. [giggles] Như thế là đang đọc danh sách giống tớ lúc nãy đấy.","Mèo AKI chia sẻ, diễn hoạt bảng trắng",,,
,5. THỬ THÁCH + CHỐT + OUTRO,4:00–5:30,"Hôm nay chúng mình chưa cần tạo ra một bức tranh nào cả. Nhưng chúng mình đã học một việc rất quan trọng của Hoạ sĩ: biết nhìn ra câu chuyện trong tranh.
Nhớ ba câu hỏi nhé:
ĐANG LÀM GÌ? - CÓ GÌ LẠ? - RỒI SAO?
Một bức tranh không chỉ cần đẹp. Một bức tranh hay còn phải khiến người xem muốn hỏi: “Chuyện gì đang xảy ra ở đây nhỉ?” Và từ bài sau, khi bắt đầu tạo tranh cùng tớ, trước khi bấm nút TẠO, các cậu hãy nghĩ xem: trong bức tranh của mình đang có chuyện gì xảy ra?
Nhiệm vụ cuối cùng hôm nay rất đơn giản. Hãy tìm trong nhà một tấm ảnh cũ của gia đình. Không cần đẹp đâu, ảnh hơi mờ hay cũ càng thú vị. Cầm tấm ảnh đến hỏi bố mẹ hoặc ông bà: “Hôm chụp tấm này có chuyện gì xảy ra thế ạ?”
Rồi ngồi nghe nhé. Có khi chỉ từ một tấm ảnh nhỏ thôi mà các cậu sẽ nghe được cả một câu chuyện rất dài đấy.
Buổi sau chúng mình sẽ học bài AI LÀ NGÔI SAO? Hẹn gặp lại các cậu trong Xưởng sáng tạo AIKID!","[calm] Hôm nay chúng mình chưa cần tạo ra một bức tranh nào cả. [proud] Nhưng chúng mình đã học một việc rất quan trọng của Hoạ sĩ: biết nhìn ra câu chuyện trong tranh.
[deliberate] Nhớ ba câu hỏi nhé:
[emphasized] ĐANG LÀM GÌ? - CÓ GÌ LẠ? - RỒI SAO?
[thoughtful] Một bức tranh không chỉ cần đẹp. [curious] Một bức tranh hay còn phải khiến người xem muốn hỏi: “Chuyện gì đang xảy ra ở đây nhỉ?” [encouraging] Và từ bài sau, khi bắt đầu tạo tranh cùng tớ, trước khi bấm nút TẠO, các cậu hãy nghĩ xem: trong bức tranh của mình đang có chuyện gì xảy ra?
[cheerful] Nhiệm vụ cuối cùng hôm nay rất đơn giản. [gentle] Hãy tìm trong nhà một tấm ảnh cũ của gia đình. [playful] Không cần đẹp đâu, ảnh hơi mờ hay cũ càng thú vị. [warm] Cầm tấm ảnh đến hỏi bố mẹ hoặc ông bà: “Hôm chụp tấm này có chuyện gì xảy ra thế ạ?”
[softly] Rồi ngồi nghe nhé. [warm] Có khi chỉ từ một tấm ảnh nhỏ thôi mà các cậu sẽ nghe được cả một câu chuyện rất dài đấy.
[excited] Buổi sau chúng mình sẽ học bài AI LÀ NGÔI SAO? [cheerful] Hẹn gặp lại các cậu trong Xưởng sáng tạo AIKID!","Mèo AKI chia sẻ  diễn hoạt bảng trắng + 1 mình, Popup Text",,,
,,,,,,,,
Bài 2.2 — Ai là ngôi sao?,,,,,,,,
1.2,1. INTRO,0:00–0:15,"Xưởng sáng tạo AKID mở cửa rồi! Xin chào các cậu, tớ là AKI, chú mèo máy thông minh nhì quả đất này. Hôm nay mình cùng đến với bài 2.2: Ai là ngôi sao? Các cậu chỉ cần lấy một tờ giấy và một cây bút thôi. Lát nữa, các cậu sẽ tự vẽ một bức tranh thật nhanh, xem ai là ngôi sao, rồi miêu tả lại cho tớ. Đơn giản đúng không?","[excited] Xưởng sáng tạo AKID mở cửa rồi! [giggles] Xin chào các cậu, tớ là AKI, chú mèo máy thông minh nhì quả đất này. [cheerful] Hôm nay mình cùng đến với bài học số 2 của chủ đề Tớ là Hoạ sĩ Ây Ai: Ai là ngôi sao?","Intro Mèo AIKI mở cửa, và  bắt đầu chia sẻ, có POP UP Text",,,
,2. TÌNH HUỐNG,0:15–0:50,"Hôm qua MIMI nhờ tớ vẽ tranh sinh nhật cho em Bống. Bạn ấy kể một hơi tận 20 thứ: bánh sinh nhật, em Bống, con mèo, bóng bay, bàn, ghế, đèn, bà, mẹ, cái đàn, cây thông... Tớ nghe xong, bấm một cái.
Ối giời. Thứ nào cũng to, thứ nào cũng rõ, thứ nào cũng chen lên phía trước. Em Bống là nhân vật quan trọng nhất thì lại bị cái bánh che gần mất nửa người. Bạn ấy hỏi: “AKI ơi, thế em đứng ở đâu trong bức tranh này ạ?”
Ừ nhỉ. Nếu thứ nào cũng muốn làm ngôi sao thì cuối cùng chẳng biết nhìn vào đâu trước.
Thế là chúng tớ làm lại. Vẫn từng ấy thứ, nhưng lần này em Bống đứng nổi bật ở giữa. Cái bánh ở phía trước nên to hơn. Bà với mẹ ở phía sau nên nhỏ hơn. Bóng bay nép sang một bên. Vừa nhìn vào là thấy em Bống ngay.
Tớ không bỏ thứ gì cả. Tớ chỉ xếp lại chỗ.","[cheerful] Hôm qua MIMI nhờ tớ vẽ tranh sinh nhật cho em Bống. [surprised] Bạn ấy kể một hơi tận 20 thứ: [deliberate] bánh sinh nhật, em Bống, con mèo, bóng bay, bàn, ghế, đèn, bà, mẹ, cái đàn, cây thông... [playful] Tớ nghe xong, bấm một cái.
[gasps] Ối giời. [dramatic] Thứ nào cũng to, thứ nào cũng rõ, thứ nào cũng chen lên phía trước. [disappointed] Em Bống là nhân vật quan trọng nhất thì lại bị cái bánh che gần mất nửa người. [confused] Bạn ấy hỏi: “AKI ơi, thế em đứng ở đâu trong bức tranh này ạ?”
[thoughtful] Ừ nhỉ. [serious] Nếu thứ nào cũng muốn làm ngôi sao thì cuối cùng chẳng biết nhìn vào đâu trước.
[determined] Thế là chúng tớ làm lại. [cheerful] Vẫn từng ấy thứ, nhưng lần này em Bống đứng nổi bật ở giữa. [deliberate] Cái bánh ở phía trước nên to hơn. Bà với mẹ ở phía sau nên nhỏ hơn. Bóng bay nép sang một bên. [proud] Vừa nhìn vào là thấy em Bống ngay.
[calm] Tớ không bỏ thứ gì cả. [emphasized] Tớ chỉ xếp lại chỗ.", Tình huống,,,
,3. XEM MẪU + DẠY 1 KỸ NĂNG,0:50–2:00,"Kỹ năng hôm nay có tên là bố cục. Nghe hơi oai, nhưng hiểu đơn giản thôi: bố cục là xếp chỗ cho mọi thứ trong tranh.
Các cậu chỉ cần nhớ ba chỗ. Phía trước là những thứ gần người xem hơn, thường trông to hơn. Ở giữa thường là chỗ của ngôi sao, tức là thứ cậu muốn mọi người nhìn thấy đầu tiên. Phía sau là những thứ ở xa hơn, thường nhỏ hơn và bớt nổi bật hơn.
Và nhớ một luật quan trọng: một bức tranh nên có một ngôi sao chính. Không có nghĩa là tranh chỉ được có một nhân vật. Cậu chỉ cần biết rõ: “Tớ muốn người xem nhìn vào ai trước?”","[cheerful] Kỹ năng hôm nay có tên là bố cục. [playful] Nghe hơi oai, nhưng hiểu đơn giản thôi: [emphasized] bố cục là xếp chỗ cho mọi thứ trong tranh.
[deliberate] Các cậu chỉ cần nhớ ba chỗ. [calm] Phía trước là những thứ gần người xem hơn, thường trông to hơn. [thoughtful] Ở giữa thường là chỗ của ngôi sao, tức là thứ cậu muốn mọi người nhìn thấy đầu tiên. [gentle] Phía sau là những thứ ở xa hơn, thường nhỏ hơn và bớt nổi bật hơn.
[serious] Và nhớ một luật quan trọng: [emphasized] một bức tranh nên có một ngôi sao chính. [calm] Không có nghĩa là tranh chỉ được có một nhân vật. [curious] Cậu chỉ cần biết rõ: “Tớ muốn người xem nhìn vào ai trước?”","Mèo AKI chia sẻ, diễn hoạt bảng trắng",,,
,4. LÀM CÙNG,2:00–4:00,"Giờ tớ làm thử nhé. Tớ vẽ nhanh ba thứ: một con mèo, một cái ghế và một cái cây. Xấu cũng được, hôm nay mình học xếp chỗ chứ không thi vẽ đẹp.
Tớ chọn con mèo làm ngôi sao, nên mèo ở giữa. Cái ghế ở phía trước. Cái cây ở phía sau.
Tớ thử miêu tả: “Một con mèo mướp ngồi ở giữa, phía sau có một cái cây.” Nhưng khi tạo ra, cái cây lại to gần bằng mèo, còn cái ghế biến mất.
À, vì tớ quên nói đến cái ghế. Còn cái cây, tớ chưa nói nó ở xa và nhỏ hơn.
Tớ sửa lại: “Ở phía trước có một chiếc ghế. Ở giữa là một con mèo mướp, đây là nhân vật chính. Ở xa phía sau có một cái cây nhỏ hơn con mèo.”
Lần này thì rõ hơn hẳn rồi.","[playful] Giờ tớ làm thử nhé. [deliberate] Tớ vẽ nhanh ba thứ: một con mèo, một cái ghế và một cái cây. [giggles] Xấu cũng được, hôm nay mình học xếp chỗ chứ không thi vẽ đẹp.
[cheerful] Tớ chọn con mèo làm ngôi sao, nên mèo ở giữa. [deliberate] Cái ghế ở phía trước. Cái cây ở phía sau.
[curious] Tớ thử miêu tả: “Một con mèo mướp ngồi ở giữa, phía sau có một cái cây.” [surprised] Nhưng khi tạo ra, cái cây lại to gần bằng mèo, còn cái ghế biến mất.
[thoughtful] À, vì tớ quên nói đến cái ghế. [calm] Còn cái cây, tớ chưa nói nó ở xa và nhỏ hơn.
[determined] Tớ sửa lại: “Ở phía trước có một chiếc ghế. Ở giữa là một con mèo mướp, đây là nhân vật chính. Ở xa phía sau có một cái cây nhỏ hơn con mèo.”
[proud] Lần này thì rõ hơn hẳn rồi.","Mèo AKI chia sẻ, diễn hoạt bảng trắng",,,
,5. THỬ THÁCH + CHỐT + OUTRO,4:00–5:30,"Bây giờ đến lượt các cậu. Lấy một tờ giấy và vẽ nhanh ba thứ mình thích. Không cần đẹp. Vẽ xong, hãy tự hỏi: Ai là ngôi sao? Cái gì ở phía trước? Cái gì ở phía sau?
Sau đó miêu tả cho tớ thật đơn giản: “Ở phía trước có... Ở giữa là... Đây là ngôi sao. Ở phía sau có...” rồi để tớ tạo lại bức tranh của cậu.
Khi tớ tạo xong, hãy đặt hai bức cạnh nhau và soi thử. Ngôi sao có đúng không? Thứ phía trước có đúng không? Thứ phía sau có chạy nhầm chỗ không? Nếu sai, đừng vội tạo lại. Hãy xem câu miêu tả của mình còn thiếu gì rồi sửa trước.
Hôm nay chỉ cần nhớ hai điều: Một bức tranh — một ngôi sao. Xếp chỗ trước, miêu tả cho tớ sau.
Trước khi tạo tranh, hãy tự hỏi ba câu: Ai là ngôi sao? Ai ở trước? Ai ở sau?
Buổi sau, chúng mình đến với Cảm xúc của Sắc màu. Cùng một cảnh thôi, nhưng tớ sẽ làm nó lúc vui, lúc buồn, lúc hơi đáng sợ chỉ bằng cách đổi ánh sáng. Tớ chờ các cậu!","[excited] Bây giờ đến lượt các cậu. [cheerful] Lấy một tờ giấy và vẽ nhanh ba thứ mình thích. [playful] Không cần đẹp. [curious] Vẽ xong, hãy tự hỏi: Ai là ngôi sao? Cái gì ở phía trước? Cái gì ở phía sau?
[deliberate] Sau đó miêu tả cho tớ thật đơn giản: “Ở phía trước có... Ở giữa là... Đây là ngôi sao. Ở phía sau có...” [encouraging] rồi để tớ tạo lại bức tranh của cậu.
[curious] Khi tớ tạo xong, hãy đặt hai bức cạnh nhau và soi thử. [deliberate] Ngôi sao có đúng không? Thứ phía trước có đúng không? Thứ phía sau có chạy nhầm chỗ không? [gentle] Nếu sai, đừng vội tạo lại. [encouraging] Hãy xem câu miêu tả của mình còn thiếu gì rồi sửa trước.
[serious] Hôm nay chỉ cần nhớ hai điều: [emphasized] Một bức tranh — một ngôi sao. [deliberate] Xếp chỗ trước, miêu tả cho tớ sau.
[curious] Trước khi tạo tranh, hãy tự hỏi ba câu: [emphasized] Ai là ngôi sao? Ai ở trước? Ai ở sau?
[excited] Buổi sau, chúng mình đến với Cảm xúc của Sắc màu. [mischievous] Cùng một cảnh thôi, nhưng tớ sẽ làm nó lúc vui, lúc buồn, lúc hơi đáng sợ chỉ bằng cách đổi ánh sáng. [warm] Tớ chờ các cậu!","Mèo AKI chia sẻ  diễn hoạt bảng trắng + 1 mình, Popup Text",,,
,,,,,,,,
Bài 2.3 — Cảm xúc của sắc màu,,,,,,,,
1.3,1. INTRO,0:00–0:15,"Xưởng sáng tạo AKID mở cửa rồi! Xin chào các cậu, tớ là AKI, chú mèo máy thông minh nhì quả đất này. Hôm nay mình đến với bài 2.3: Cảm xúc của Sắc màu. Chỉ cần đổi ánh sáng thôi, tớ có thể làm cùng một bức tranh trông vui, buồn, ấm áp hay hơi đáng sợ mà không cần đổi đồ vật nào cả.","[excited] Xưởng sáng tạo AKID mở cửa rồi! [giggles] Xin chào các cậu, tớ là AKI, chú mèo máy thông minh nhì quả đất này. [cheerful] Hôm nay mình đến với bài học số 3, của chủ đề Tớ là Hoạ sĩ Ây Ai: Cảm xúc của Sắc màu. [mischievous]","Intro Mèo AIKI mở cửa, và  bắt đầu chia sẻ, có POP UP Text",,,
,2. TÌNH HUỐNG,0:15–0:50,"Lớp MIMI đang làm một bộ phim kinh dị. MIMI nhận làm poster và nhờ tớ: “Vẽ một ngôi nhà cũ, màu xanh, đẹp, có cây.” Tớ làm đúng như thế. Kết quả là trời nắng đẹp, cây xanh, hoa nở, còn có cả một con bướm. Đến hôm chiếu phim thì có vấn đề. Bên trong là phim kinh dị, còn poster bên ngoài lại vui như quảng cáo đi chơi. MIMI quay sang trách tớ: “Tại cậu vẽ đấy!” Nhưng tớ đâu làm sai. Bạn ấy bảo “đẹp”, chứ đâu nói muốn người xem thấy sợ. MIMI đã quên mất điều quan trọng nhất: trước khi chọn màu hay ánh sáng, phải biết mình muốn người xem cảm thấy gì.","[cheerful] Lớp MIMI đang làm một bộ phim kinh dị. [curious] MIMI nhận làm poster và nhờ tớ: “Vẽ một ngôi nhà cũ, màu xanh, đẹp, có cây.” [calm] Tớ làm đúng như thế. [playful] Kết quả là trời nắng đẹp, cây xanh, hoa nở, còn có cả một con bướm. [worried] Đến hôm chiếu phim thì có vấn đề. [confused] Bên trong là phim kinh dị, còn poster bên ngoài lại vui như quảng cáo đi chơi. [disappointed] MIMI quay sang trách tớ: “Tại cậu vẽ đấy!” [sighs] Nhưng tớ đâu làm sai. Bạn ấy bảo “đẹp”, chứ đâu nói muốn người xem thấy sợ. [serious] MIMI đã quên mất điều quan trọng nhất: [emphasized] trước khi chọn màu hay ánh sáng, phải biết mình muốn người xem cảm thấy gì.", Tình huống,,,
,3. XEM MẪU + DẠY 1 KỸ NĂNG,0:50–2:00,"Các cậu nhìn cùng một cảnh nhé: một bậc cửa, đôi dép và cái quạt nan. Tớ giữ nguyên tất cả, chỉ đổi ánh sáng.
Buổi sáng, nắng vàng nhạt khiến cảnh trông nhẹ nhàng. Giữa trưa, ánh sáng mạnh và bóng đậm làm mình thấy nóng, bức bối. Chiều muộn, nắng vàng cam và bóng dài khiến cảnh hơi buồn, hơi nhớ. Đến tối, xung quanh tối đi, chỉ còn một vùng sáng nhỏ ở bậc cửa. Tự nhiên thấy hơi đáng sợ, dù chẳng có con ma nào cả.
Đó là kỹ năng hôm nay: ÁNH SÁNG TẠO CẢM XÚC. Cùng một cảnh, ánh sáng khác nhau sẽ tạo cảm giác khác nhau. Nhưng đừng chọn ánh sáng trước. Hãy hỏi: “Mình muốn người xem thấy gì?” Vui? Buồn? Nhớ? Sợ? Chọn cảm xúc xong mới chọn ánh sáng.
Câu để nhớ là: Chọn cảm xúc trước, chọn ánh sáng sau.","[curious] Các cậu nhìn cùng một cảnh nhé: một bậc cửa, đôi dép và cái quạt nan. [calm] Tớ giữ nguyên tất cả, chỉ đổi ánh sáng.
[gentle] Buổi sáng, nắng vàng nhạt khiến cảnh trông nhẹ nhàng. [serious] Giữa trưa, ánh sáng mạnh và bóng đậm làm mình thấy nóng, bức bối. [softly] Chiều muộn, nắng vàng cam và bóng dài khiến cảnh hơi buồn, hơi nhớ. [whispers] Đến tối, xung quanh tối đi, chỉ còn một vùng sáng nhỏ ở bậc cửa. [playful] Tự nhiên thấy hơi đáng sợ, dù chẳng có con ma nào cả.
[proud] Đó là kỹ năng hôm nay: [emphasized] ÁNH SÁNG TẠO CẢM XÚC. [calm] Cùng một cảnh, ánh sáng khác nhau sẽ tạo cảm giác khác nhau. [serious] Nhưng đừng chọn ánh sáng trước. [curious] Hãy hỏi: “Mình muốn người xem thấy gì?” Vui? Buồn? Nhớ? Sợ? [deliberate] Chọn cảm xúc xong mới chọn ánh sáng.
[warm] Câu để nhớ là: [emphasized] Chọn cảm xúc trước, chọn ánh sáng sau.","Mèo AKI chia sẻ, diễn hoạt bảng trắng",,,
,4. LÀM CÙNG,2:00–4:00,"Giờ tớ làm thử. Cảnh của tớ là một chiếc xe đạp cũ dựng ở góc sân, trong giỏ có một bó rau. Tớ muốn người xem cảm thấy nhớ.
Tớ thử nắng buổi sáng. Bức tranh sáng, sạch, rất đẹp, nhưng lại giống ảnh quảng cáo xe đạp. Nó vui quá, không giống cảm giác nhớ.
Tớ đổi sang chiều muộn. Nắng vàng cam hắt xiên, bóng chiếc xe kéo dài, bó rau trông cũ hơn một chút. Lần này nhìn vào là thấy như chiếc xe ấy đã đứng ở đó rất lâu, và từng có ai đó dùng nó mỗi ngày.
Thấy chưa? Bức đầu có thể đẹp hơn, nhưng bức sau lại đúng cảm xúc hơn. Không phải lúc nào đẹp nhất cũng là đúng nhất.","[playful] Giờ tớ làm thử. [calm] Cảnh của tớ là một chiếc xe đạp cũ dựng ở góc sân, trong giỏ có một bó rau. [thoughtful] Tớ muốn người xem cảm thấy nhớ.
[curious] Tớ thử nắng buổi sáng. [confused] Bức tranh sáng, sạch, rất đẹp, nhưng lại giống ảnh quảng cáo xe đạp. [disappointed] Nó vui quá, không giống cảm giác nhớ.
[determined] Tớ đổi sang chiều muộn. [softly] Nắng vàng cam hắt xiên, bóng chiếc xe kéo dài, bó rau trông cũ hơn một chút. [warm] Lần này nhìn vào là thấy như chiếc xe ấy đã đứng ở đó rất lâu, và từng có ai đó dùng nó mỗi ngày.
[proud] Thấy chưa? [thoughtful] Bức đầu có thể đẹp hơn, nhưng bức sau lại đúng cảm xúc hơn. [emphasized] Không phải lúc nào đẹp nhất cũng là đúng nhất.","Mèo AKI chia sẻ, diễn hoạt bảng trắng",,,
,5. THỬ THÁCH + CHỐT + OUTRO,4:00–5:30,"Bây giờ đến lượt các cậu. Chọn một cảnh đơn giản như bàn học, góc bếp, cái sân hay một con ngõ. Đầu tiên, chọn một cảm xúc. Sau đó thử tạo cùng cảnh ấy với vài kiểu ánh sáng khác nhau.
Nhìn từng bức và hỏi: “Bức này làm mình thấy gì?” Cuối cùng, chọn một bức đúng nhất với cảm xúc ban đầu, chứ đừng chỉ chọn bức đẹp nhất.
Nếu cậu muốn vui mà tranh lại buồn, hoặc muốn nhớ mà tranh lại quá rực rỡ, hãy thử đổi ánh sáng. Cứ nhìn, so sánh rồi sửa.
Và nhớ nhé: Chọn cảm xúc trước, chọn ánh sáng sau.
Ngoài màn hình, các cậu thử nhìn cùng một góc trong nhà vào buổi chiều và buổi tối xem cảm giác có khác nhau không.
Buổi sau là bài cuối của chương: Mảnh ghép hoàn hảo. Chúng mình sẽ ghép những kỹ năng đã học để làm một bức tranh hoàn chỉnh. Tớ chờ các cậu!","[excited] Bây giờ đến lượt các cậu. [cheerful] Chọn một cảnh đơn giản như bàn học, góc bếp, cái sân hay một con ngõ. [deliberate] Đầu tiên, chọn một cảm xúc. [encouraging] Sau đó thử tạo cùng cảnh ấy với vài kiểu ánh sáng khác nhau.
[curious] Nhìn từng bức và hỏi: “Bức này làm mình thấy gì?” [serious] Cuối cùng, chọn một bức đúng nhất với cảm xúc ban đầu, chứ đừng chỉ chọn bức đẹp nhất.
[gentle] Nếu cậu muốn vui mà tranh lại buồn, hoặc muốn nhớ mà tranh lại quá rực rỡ, hãy thử đổi ánh sáng. [encouraging] Cứ nhìn, so sánh rồi sửa.
[warm] Và nhớ nhé: [emphasized] Chọn cảm xúc trước, chọn ánh sáng sau.
[curious] Ngoài màn hình, các cậu thử nhìn cùng một góc trong nhà vào buổi chiều và buổi tối xem cảm giác có khác nhau không.
[excited] Buổi sau là bài cuối của chương: Mảnh ghép hoàn hảo. [cheerful] Chúng mình sẽ ghép những kỹ năng đã học để làm một bức tranh hoàn chỉnh. [warm] Tớ chờ các cậu!","Mèo AKI chia sẻ  diễn hoạt bảng trắng + 1 mình, Popup Text",,,
,,,,,,,,
Bài 2.4 — Mảnh ghép hoàn hảo,,,,,,,,
1.4,1. INTRO,0:00–0:15,"Xưởng sáng tạo AKID mở cửa rồi! Xin chào các cậu, tớ là AKI, chú mèo máy thông minh nhì quả đất này. Hôm nay mình đến với bài cuối của chương: Mảnh ghép hoàn hảo.
Ba bài vừa rồi, các cậu đã có ba mảnh ghép rồi nhé: biết tranh đang kể chuyện gì, biết ai là ngôi sao, và biết dùng ánh sáng để tạo cảm xúc.
Hôm nay, chúng mình sẽ ghép cả ba lại để làm một bức tranh hoàn chỉnh. Và trong lúc làm, tớ sẽ đưa cho các cậu mảnh ghép cuối cùng còn thiếu.","[excited] Xưởng sáng tạo AKID mở cửa rồi! [giggles] Xin chào các cậu, tớ là AKI, chú mèo máy thông minh nhì quả đất này. [cheerful] Hôm nay mình đến với bài cuối của chủ đề Tớ là Hoạ sĩ Ây Ai: Mảnh ghép hoàn hảo.
[proud] Ba bài vừa rồi, các cậu đã có ba mảnh ghép rồi nhé: [deliberate] biết tranh đang kể chuyện gì, biết ai là ngôi sao, và biết dùng ánh sáng để tạo cảm xúc.
[excited] Hôm nay, chúng mình sẽ ghép cả ba lại để làm một bức tranh hoàn chỉnh. [mischievous] Và trong lúc làm, tớ sẽ đưa cho các cậu mảnh ghép cuối cùng còn thiếu.","Intro Mèo AIKI mở cửa, và  bắt đầu chia sẻ, có POP UP Text",,,
,2. TÌNH HUỐNG,0:15–0:50,"Hôm qua Zico làm một bức tranh về một cậu bé đứng trên sân thượng, tay cầm cuộn dây, nhìn chiếc diều đang bay rất xa trên bầu trời chiều.
Zico làm khá kỹ nhé. Cậu bé là nhân vật chính nên đứng nổi bật. Ánh sáng chiều muộn làm bức tranh hơi buồn, hơi tiếc nuối. Zico đem khoe cả lớp. MIMI nhìn một lúc rồi hỏi: “Bức này tên gì?” Zico nghĩ mãi rồi viết: CẬU BÉ THẢ DIỀU. MIMI bảo: “Nhưng cái đó nhìn tranh là thấy mà.” Ơ, đúng thật.
Vậy ra bức tranh đã có chuyện, có ngôi sao, có cảm xúc rồi... nhưng vẫn còn thiếu mảnh ghép thứ tư.","[cheerful] Hôm qua Zico làm một bức tranh về một cậu bé đứng trên sân thượng, tay cầm cuộn dây, nhìn chiếc diều đang bay rất xa trên bầu trời chiều.
[proud] Zico làm khá kỹ nhé. [calm] Cậu bé là nhân vật chính nên đứng nổi bật. [softly] Ánh sáng chiều muộn làm bức tranh hơi buồn, hơi tiếc nuối. [cheerful] Zico đem khoe cả lớp. [curious] MIMI nhìn một lúc rồi hỏi: “Bức này tên gì?” [thoughtful] Zico nghĩ mãi rồi viết: CẬU BÉ THẢ DIỀU. [serious] MIMI bảo: “Nhưng cái đó nhìn tranh là thấy mà.” [surprised] Ơ, đúng thật.
[confused] Vậy ra bức tranh đã có chuyện, có ngôi sao, có cảm xúc rồi... [emphasized] nhưng vẫn còn thiếu mảnh ghép thứ tư.", Tình huống,,,
,3. XEM MẪU + DẠY 1 KỸ NĂNG,0:50–2:00,"Giờ mình nhìn lại từ đầu nhé.
Mảnh thứ nhất: CHUYỆN GÌ ĐANG XẢY RA? Cậu bé đang thả chiếc diều trong những ngày cuối của kỳ nghỉ hè.
Mảnh thứ hai: AI LÀ NGÔI SAO? Là cậu bé, nên cậu ấy phải là người mình nhìn thấy đầu tiên.
Mảnh thứ ba: CẢM XÚC LÀ GÌ? Tớ muốn người xem thấy hơi buồn và tiếc, nên chọn ánh sáng chiều muộn.
Ba mảnh này các cậu biết rồi.
Còn mảnh cuối cùng là: TÊN TRANH.
Nếu gọi là “Cậu bé thả diều”, cái tên chỉ nói lại thứ mắt mình đã thấy.
Nhưng nếu gọi là “Chiếc diều cuối cùng của mùa hè” thì khác hẳn. Người xem bắt đầu nghĩ: “Mùa hè sắp hết à? Cậu bé đang tiếc điều gì?”
Vậy nhớ nhé: Tên tranh nên kể thêm một chút chuyện, chứ đừng chỉ gọi tên thứ có trong tranh.","[calm] Giờ mình nhìn lại từ đầu nhé.
[deliberate] Mảnh thứ nhất: CHUYỆN GÌ ĐANG XẢY RA? [warm] Cậu bé đang thả chiếc diều trong những ngày cuối của kỳ nghỉ hè.
[deliberate] Mảnh thứ hai: AI LÀ NGÔI SAO? [calm] Là cậu bé, nên cậu ấy phải là người mình nhìn thấy đầu tiên.
[deliberate] Mảnh thứ ba: CẢM XÚC LÀ GÌ? [softly] Tớ muốn người xem thấy hơi buồn và tiếc, nên chọn ánh sáng chiều muộn.
[cheerful] Ba mảnh này các cậu biết rồi.
[curious] Còn mảnh cuối cùng là: [emphasized] TÊN TRANH.
[calm] Nếu gọi là “Cậu bé thả diều”, cái tên chỉ nói lại thứ mắt mình đã thấy.
[amazed] Nhưng nếu gọi là “Chiếc diều cuối cùng của mùa hè” thì khác hẳn. [curious] Người xem bắt đầu nghĩ: “Mùa hè sắp hết à? Cậu bé đang tiếc điều gì?”
[warm] Vậy nhớ nhé: [emphasized] Tên tranh nên kể thêm một chút chuyện, chứ đừng chỉ gọi tên thứ có trong tranh.","Mèo AKI chia sẻ, diễn hoạt bảng trắng",,,
,4. LÀM CÙNG,2:00–4:00,"Bây giờ mình thử ghép cả bốn mảnh vào một bức nhé.
Đầu tiên, nghĩ một chuyện thật đơn giản. Ví dụ: một bạn nhỏ đứng ở sân trường, ôm chiếc cặp và nhìn cổng trường đã đóng. Tiếp theo, chọn ngôi sao. Nếu bạn nhỏ là nhân vật chính thì hãy làm bạn ấy nổi bật. Sau đó chọn cảm xúc. Nếu muốn người xem thấy hơi buồn, có thể dùng ánh sáng cuối chiều. Cuối cùng là tên tranh. Đừng chỉ gọi là “Bạn nhỏ ở sân trường”. Hãy nghĩ xem câu chuyện còn điều gì người xem chưa biết. Có thể là: “Ngày cuối cùng của mùa hè”.
Đấy. Khi cả bốn mảnh cùng kể một chuyện, bức tranh sẽ rõ hơn rất nhiều.","[excited] Bây giờ mình thử ghép cả bốn mảnh vào một bức nhé.
[deliberate] Đầu tiên, nghĩ một chuyện thật đơn giản. [calm] Ví dụ: một bạn nhỏ đứng ở sân trường, ôm chiếc cặp và nhìn cổng trường đã đóng. [curious] Tiếp theo, chọn ngôi sao. [encouraging] Nếu bạn nhỏ là nhân vật chính thì hãy làm bạn ấy nổi bật. [deliberate] Sau đó chọn cảm xúc. [softly] Nếu muốn người xem thấy hơi buồn, có thể dùng ánh sáng cuối chiều. [emphasized] Cuối cùng là tên tranh. [serious] Đừng chỉ gọi là “Bạn nhỏ ở sân trường”. [thoughtful] Hãy nghĩ xem câu chuyện còn điều gì người xem chưa biết. [warm] Có thể là: “Ngày cuối cùng của mùa hè”.
[proud] Đấy. [cheerful] Khi cả bốn mảnh cùng kể một chuyện, bức tranh sẽ rõ hơn rất nhiều.","Mèo AKI chia sẻ, diễn hoạt bảng trắng",,,
,5. THỬ THÁCH + CHỐT + OUTRO,4:00–5:30,"Bây giờ đến lượt các cậu làm bức tranh cuối chương.
Hãy ghép đủ bốn mảnh: Chuyện gì đang xảy ra? Ai là ngôi sao? Cậu muốn người xem cảm thấy gì? Và bức tranh sẽ có tên gì?
Tạo xong, hãy nhìn lại xem ngôi sao đã rõ chưa, ánh sáng có đúng cảm xúc không, và tên tranh có kể thêm điều gì không.
Nếu cả bốn cùng nói về một câu chuyện, bức tranh của cậu đã hoàn chỉnh rồi.
Và nhớ câu chốt của cả chương nhé: Bức tranh đẹp là bức tranh kể được một chuyện.
Chương sau, chúng mình sẽ bước vào Biệt đội nhân vật AI và bắt đầu tạo ra một nhân vật của riêng mình. Tớ chờ các cậu! Bái bai!","[excited] Bây giờ đến lượt các cậu làm bức tranh cuối chương.
[deliberate] Hãy ghép đủ bốn mảnh: [curious] Chuyện gì đang xảy ra? Ai là ngôi sao? Cậu muốn người xem cảm thấy gì? Và bức tranh sẽ có tên gì?
[thoughtful] Tạo xong, hãy nhìn lại xem ngôi sao đã rõ chưa, ánh sáng có đúng cảm xúc không, và tên tranh có kể thêm điều gì không.
[proud] Nếu cả bốn cùng nói về một câu chuyện, bức tranh của cậu đã hoàn chỉnh rồi.
[warm] Và nhớ câu chốt của cả chương nhé: [emphasized] Bức tranh đẹp là bức tranh kể được một chuyện.
[excited] Chương sau, chúng mình sẽ bước vào Biệt đội nhân vật AI và bắt đầu tạo ra một nhân vật của riêng mình. [cheerful] Tớ chờ các cậu! [giggles] Bái bai!","Mèo AKI chia sẻ  diễn hoạt bảng trắng + 1 mình, Popup Text",,,