MODULE 3 — BIỆT ĐỘI NHÂN VẬT AI,,,,,,,,
"Cậu có một nhân vật riêng, nhất quán, dùng lại được suốt phần còn lại của khoá. Sản phẩm: thẻ nhân vật hai mặt in ra. Câu chốt: nhân vật hay không phải vì đẹp, mà vì có tính cách.",,,,,,,,
,,,,,,,,
PHẦN 1 — TỔNG THỂ,,,,,,,,
Bài,Tên bài,Mục tiêu của bài,Kỹ năng trẻ học được,,Điểm chặn,Trong Xưởng thực hành,Học liệu tạo ra,Trẻ hoàn thành
3.1,Hồ sơ biệt đội,Trẻ viết được hồ sơ tính cách trước khi có bất kỳ hình nào.,"Sáu câu hồ sơ: tên gì, thích gì, sợ gì, giỏi gì, dở gì, ước mơ gì.",,Cả bài không tồn tại nút tạo hình nào. Dev không được thêm vào.,Điền sáu ô hồ sơ. Đọc to cho một người trong nhà nghe và hỏi họ hình dung bạn ấy trông thế nào.,"Hồ sơ nhân vật sáu ô, chính là mặt sau của thẻ nhân vật.","Ô sợ và ô dở có nội dung cụ thể, không bỏ trống và không viết chung chung."
3.2,Mật mã nhận diện,Trẻ chọn được ba đặc điểm nhận dạng cố định cho nhân vật.,Khái niệm nhất quán nhân vật.,,"Mỗi ô đặc điểm phải từ năm từ trở lên mới mở nút tạo, để chặn kiểu tả sơ sài.","Chọn và tả ba đặc điểm thật cụ thể, viết vào bản Luật vẽ nhân vật, ký tên, rồi tạo hình chân dung đầu tiên.",Bản Luật vẽ nhân vật của em có chữ ký. Hình chân dung chính cho mặt trước thẻ.,Ba đặc điểm đều nhìn thấy được từ xa và tả được bằng lời.
3.3,Biến hoá biểu cảm,Trẻ tạo được sáu biểu cảm mà nhân vật vẫn là một người.,Giữ nhất quán qua nhiều hình bằng cách khoá ba đặc điểm vào mọi câu lệnh.,,"Lượt tạo tính theo ô, sáu ô riêng, không tính theo lần bấm.","Tạo sáu biểu cảm, tự soi từng hình theo bản Luật, hình nào bị trôi thì sửa câu lệnh và làm lại.",Sáu biểu cảm cho mặt trước thẻ. Hình hỏng đưa vào Bảo tàng thất bại kèm chú thích.,Cậu tự bắt được ít nhất một hình bị trôi mà không cần ai chỉ.
3.4,Căn cứ bí mật của biệt đội,Trẻ dựng được nơi ở và đồ vật riêng cho nhân vật.,Câu lệnh hai tầng: nhân vật đã khoá cộng bối cảnh dùng từ bố cục của Module 2.,,"Bối cảnh bắt buộc dùng lại nhân vật đã khoá, không cho tạo nhân vật mới.","Tạo nơi ở, một đồ vật riêng, một người bạn, thêm ba tư thế. Ghép tất cả vào thẻ nhân vật hai mặt.","Thẻ nhân vật in ra, cắt, ép plastic. Đây là sản phẩm Module 3 và là tài sản dùng lại cả khoá.",Ba lựa chọn về nhà đều khớp với hồ sơ sáu ô cậu đã viết ở bài 3.1.
PHẦN 2 — CHI TIẾT KỊCH BẢN VIDEO,,,,,,,,
Bài 3.1 — HỒ SƠ BIỆT ĐỘI,,,,,,,,
1.1,1. INTRO,0:00–0:15,"Xưởng sáng tạo Ây Ai Kít mở cửa rồi! Xin chào các cậu, tớ là AKI, chú mèo máy thông minh nhì quả đất này. Hôm nay chúng mình bước vào 1 chủ đề siêu mới: BIỆT ĐỘI NHÂN VẬT AI. Bài đầu tiên có tên là Hồ sơ biệt đội.
Mà báo trước nhé: hôm nay không có nút tạo hình. Các cậu sẽ viết trước. Vì những gì viết hôm nay sẽ quyết định nhân vật của các cậu là ai trong suốt cả chương.","[excited] Xưởng sáng tạo Ây Ai Kít mở cửa rồi! [giggles] Xin chào các cậu, tớ là AKI, chú mèo máy thông minh nhì quả đất này. [cheerful] Hôm nay chúng mình bước vào 1 chủ đề siêu mới: BIỆT ĐỘI NHÂN VẬT AI. [curious] Bài đầu tiên có tên là Hồ sơ biệt đội.
[mischievous] Mà báo trước nhé: hôm nay không có nút tạo hình. [serious] Các cậu sẽ viết trước. [emphasized] Vì những gì viết hôm nay sẽ quyết định nhân vật của các cậu là ai trong suốt cả chương.","Intro Mèo AIKI mở cửa, và  bắt đầu chia sẻ, có POP UP Text",,,
,2. TÌNH HUỐNG,0:15–1:15,"Hôm trước Neko tham gia một cuộc thi thiết kế nhân vật. Bạn ấy đã nhờ tớ tạo: “Một siêu anh hùng nhí, áo choàng đỏ, đứng trên nóc nhà lúc hoàng hôn.” Ối, đẹp lắm. Nhưng đến vòng trong, ban giám khảo hỏi: “Bạn này tên gì? Sợ gì? Dở nhất việc gì?” Neko không trả lời được. Lúc ấy tớ mới hiểu: nhân vật nhìn rất ngầu, nhưng tớ chỉ biết bạn ấy mặc áo choàng đỏ, chứ chưa biết bạn ấy là người như thế nào.","[calm] Hôm trước Neko tham gia một cuộc thi thiết kế nhân vật. [curious] Bạn ấy đã nhờ tớ tạo: “Một siêu anh hùng nhí, áo choàng đỏ, đứng trên nóc nhà lúc hoàng hôn.” [amazed] Ối, đẹp lắm. [surprised] Nhưng đến vòng trong, ban giám khảo hỏi: “Bạn này tên gì? Sợ gì? Dở nhất việc gì?” [disappointed] Neko không trả lời được. [thoughtful] Lúc ấy tớ mới hiểu: nhân vật nhìn rất ngầu, nhưng tớ chỉ biết bạn ấy mặc áo choàng đỏ, chứ chưa biết bạn ấy là người như thế nào.", Tình huống,,,
,3. XEM MẪU + DẠY 1 KỸ NĂNG,1:15–3:00,"Tớ cho các cậu gặp một nhân vật khác nhé. Bạn ấy tên là Tép, một chú chuột nhỏ tai hơi lệch.
Tép thích nhặt nắp chai rồi xếp theo màu. Tép sợ đi ngang cái cống. Tép rất giỏi nhớ đường, nhưng cực dở buộc dây giày. Và Tép mơ một ngày được đi hết một con đường chưa ai từng đi hết.
Giờ đố các cậu: giữa siêu anh hùng áo choàng đỏ và Tép, bạn nào dễ nghĩ ra câu chuyện hơn?
Tép, đúng không?
Vì chúng mình đã biết tính cách của Tép.
Vậy kỹ năng hôm nay là: VIẾT HỒ SƠ TRƯỚC – VẼ HÌNH SAU.
Hồ sơ chỉ có sáu ô: Tên gì – Thích gì – Sợ gì – Giỏi gì – Dở gì – Ước mơ gì.
Trong đó, đừng bỏ trống hai ô Sợ và Dở. Nhân vật mà cái gì cũng giỏi, chẳng sợ gì thì chuyện gì cũng giải quyết được ngay. Thế thì còn gì để kể nữa.
Và nhớ viết thật cụ thể. Đừng chỉ viết “sợ nhiều thứ”. Thử viết “sợ tiếng máy sấy tóc” hay “dở nhớ tên người”. Càng riêng thì nhân vật càng dễ nhớ.","[cheerful] Tớ cho các cậu gặp một nhân vật khác nhé. [warm] Bạn ấy tên là Tép, một chú chuột nhỏ tai hơi lệch.
[playful] Tép thích nhặt nắp chai rồi xếp theo màu. [worried] Tép sợ đi ngang cái cống. [proud] Tép rất giỏi nhớ đường, nhưng cực dở buộc dây giày. [gentle] Và Tép mơ một ngày được đi hết một con đường chưa ai từng đi hết.
[curious] Giờ đố các cậu: giữa siêu anh hùng áo choàng đỏ và Tép, bạn nào dễ nghĩ ra câu chuyện hơn?
[playful] Tép, đúng không?
[warm] Vì chúng mình đã biết tính cách của Tép.
[emphasized] Vậy kỹ năng hôm nay là: VIẾT HỒ SƠ TRƯỚC – VẼ HÌNH SAU.
[deliberate] Hồ sơ chỉ có sáu ô: Tên gì – Thích gì – Sợ gì – Giỏi gì – Dở gì – Ước mơ gì.
[serious] Trong đó, đừng bỏ trống hai ô Sợ và Dở. [thoughtful] Nhân vật mà cái gì cũng giỏi, chẳng sợ gì thì chuyện gì cũng giải quyết được ngay. [sighs] Thế thì còn gì để kể nữa.
[encouraging] Và nhớ viết thật cụ thể. Đừng chỉ viết “sợ nhiều thứ”. [deliberate] Thử viết “sợ tiếng máy sấy tóc” hay “dở nhớ tên người”. [emphasized] Càng riêng thì nhân vật càng dễ nhớ.","Mèo AKI chia sẻ, diễn hoạt bảng trắng",,,
,4. LÀM CÙNG,3:00–4:00,"Giờ tớ điền thử hồ sơ của Tép nhé.
Tên: Tép. Thích: nhặt nắp chai. Sợ: đi ngang cái cống. Giỏi: nhớ đường. Ước mơ: đi hết một con đường chưa ai từng đi hết.
Còn ô Dở?
Tớ suýt viết: “Tép không dở gì cả.”
Ơ khoan. Thế là tớ đang biến Tép thành một nhân vật hoàn hảo mất rồi.
Tớ sửa lại: Tép dở buộc dây giày, lúc nào cũng bị tuột.
Chỉ một dòng thôi mà tớ đã nghĩ ra ngay một cảnh: Tép đang chạy thì dây giày tuột, vấp ngã, hộp nắp chai bay thẳng về phía cái cống mà bạn ấy sợ nhất.
Thấy chưa? Một điểm yếu nhỏ có thể mở ra cả một câu chuyện.","[cheerful] Giờ tớ điền thử hồ sơ của Tép nhé.
[deliberate] Tên: Tép. Thích: nhặt nắp chai. Sợ: đi ngang cái cống. Giỏi: nhớ đường. Ước mơ: đi hết một con đường chưa ai từng đi hết.
[curious] Còn ô Dở?
[thoughtful] Tớ suýt viết: “Tép không dở gì cả.”
[surprised] Ơ khoan. [worried] Thế là tớ đang biến Tép thành một nhân vật hoàn hảo mất rồi.
[determined] Tớ sửa lại: Tép dở buộc dây giày, lúc nào cũng bị tuột.
[excited] Chỉ một dòng thôi mà tớ đã nghĩ ra ngay một cảnh: [dramatic] Tép đang chạy thì dây giày tuột, vấp ngã, hộp nắp chai bay thẳng về phía cái cống mà bạn ấy sợ nhất.
[proud] Thấy chưa? [warm] Một điểm yếu nhỏ có thể mở ra cả một câu chuyện.","Mèo AKI chia sẻ, diễn hoạt bảng trắng",,,
,5. THỬ THÁCH + CHỐT + OUTRO,4:00–5:30,"Bây giờ đến lượt các cậu. Hãy tạo một nhân vật bất kỳ: người, con vật, đồ vật, thậm chí một cái thang máy cũng được.
Điền đủ sáu ô: Tên – Thích – Sợ – Giỏi – Dở – Ước mơ.
Sau đó đọc hồ sơ ấy cho bố hoặc mẹ nghe và hỏi: “Theo mẹ, bạn này trông như thế nào?”
Các cậu sẽ thấy một điều rất hay: dù chưa vẽ gì, người nghe vẫn có thể tưởng tượng ra nhân vật trong đầu.
Vì nhân vật hay không phải vì đẹp, mà vì có tính cách.
Hãy giữ thật kỹ tờ hồ sơ này nhé. Buổi sau, chúng mình sẽ dùng nó để bước sang bài Mật mã nhận diện và bắt đầu biến nhân vật trong đầu thành một nhân vật thật sự. Tớ chờ các cậu nha, bái bai","[excited] Bây giờ đến lượt các cậu. [encouraging] Hãy tạo một nhân vật bất kỳ: người, con vật, đồ vật, thậm chí một cái thang máy cũng được.
[deliberate] Điền đủ sáu ô: Tên – Thích – Sợ – Giỏi – Dở – Ước mơ.
[cheerful] Sau đó đọc hồ sơ ấy cho bố hoặc mẹ nghe và hỏi: “Theo mẹ, bạn này trông như thế nào?”
[amazed] Các cậu sẽ thấy một điều rất hay: dù chưa vẽ gì, người nghe vẫn có thể tưởng tượng ra nhân vật trong đầu.
[emphasized] Vì nhân vật hay không phải vì đẹp, mà vì có tính cách.
[gentle] Hãy giữ thật kỹ tờ hồ sơ này nhé. [excited] Buổi sau, chúng mình sẽ dùng nó để bước sang bài Mật mã nhận diện và bắt đầu biến nhân vật trong đầu thành một nhân vật thật sự. [warm] Tớ chờ các cậu nha, bái bai","Mèo AKI chia sẻ  diễn hoạt bảng trắng + 1 mình, Popup Text",,,
,,,,,,,,
Bài 3.2 — MẬT MÃ NHẬN DIỆN,,,,,,,,
1.2,1. INTRO,0:00–0:15,"Xưởng sáng tạo Ây Ai Kít mở cửa rồi! Xin chào các cậu, lại là tớ - AKI, chú mèo máy thông minh nhì quả đất này đây. Hôm nay mình đến với bài 3.2: Mật mã nhận diện. Cuối buổi, các cậu hãy viết ra một Bản luật vẽ nhân vật nhé, sau đó tớ sẽ ghi nhớ và lần sau tớ sẽ làm thật đúng ý của các cậu","[excited] Xưởng sáng tạo Ây Ai Kít mở cửa rồi! [giggles] Xin chào các cậu, lại là tớ - AKI, chú mèo máy thông minh nhì quả đất này đây. [cheerful] Hôm nay mình đến với bài 3.2: Mật mã nhận diện. [encouraging] Cuối buổi, các cậu hãy viết ra một Bản luật vẽ nhân vật nhé, sau đó tớ sẽ ghi nhớ và lần sau tớ sẽ làm thật đúng ý của các cậu","Intro Mèo AIKI mở cửa, và  bắt đầu chia sẻ, có POP UP Text",,,
,2. TÌNH HUỐNG,0:15–0:50,"Hôm qua Sumi đưa cho tớ 1 Hồ sơ nhân vật và bảo: “AKI, vẽ bạn ấy đi!” Bức đầu tiên đẹp lắm. MIMI thích quá nên bảo vẽ thêm. Nhưng bức thứ hai... ơ, sao tóc đổi màu rồi. Bức thứ ba... cái mũ cũng khác luôn. Vẽ tiếp vài bức nữa thì ôi thôi, nhìn như cả một nhóm bạn khác nhau. MIMI kêu: “AKI! Nhân vật của tớ đâu?” Tớ phải thú thật: mỗi lần tạo hình, nếu các cậu không nhắc rõ những đặc điểm quan trọng, tớ có thể vẽ nhân vật khác đi. Vậy làm sao để dù bạn ấy đang chạy, ngồi hay nhảy, mình vẫn nhận ra đúng một người?","[calm] Hôm qua Sumi đưa cho tớ 1 Hồ sơ nhân vật và bảo: “AKI, vẽ bạn ấy đi!” [proud] Bức đầu tiên đẹp lắm. [cheerful] MIMI thích quá nên bảo vẽ thêm. [confused] Nhưng bức thứ hai... ơ, sao tóc đổi màu rồi. [surprised] Bức thứ ba... cái mũ cũng khác luôn. [disappointed] Vẽ tiếp vài bức nữa thì ôi thôi, nhìn như cả một nhóm bạn khác nhau. [worried] MIMI kêu: “AKI! Nhân vật của tớ đâu?” [sighs] Tớ phải thú thật: mỗi lần tạo hình, nếu các cậu không nhắc rõ những đặc điểm quan trọng, tớ có thể vẽ nhân vật khác đi. [curious] Vậy làm sao để dù bạn ấy đang chạy, ngồi hay nhảy, mình vẫn nhận ra đúng một người?", Tình huống,,,
,3. XEM MẪU + DẠY 1 KỸ NĂNG,0:50–2:00,"Sumi sau đó liền chọn một bức làm ẢNH MẪU. Nhưng không phải cứ chọn bức ngầu nhất đâu nhé. Ảnh mẫu tốt nhất là bức mà tớ nhìn nhân vật thật dễ: nền đơn giản, tốt nhất là nền trắng hoặc màu trơn; chỉ có một nhân vật; nhân vật đứng trực diện hoặc hơi nghiêng nhẹ; nhìn rõ mặt, tóc, quần áo và toàn thân; không bị đồ vật che mất; màu sắc sáng rõ, không quá tối hay quá nhiều hiệu ứng. Nếu đôi giày, cái mũ hay chiếc đuôi là đặc điểm quan trọng thì nhớ để chúng xuất hiện đầy đủ trong ảnh. Nói đơn giản: ảnh mẫu càng rõ, tớ càng ít phải đoán.
Sau đó, Sumi còn nhắc tớ đúng ba thứ của nhân vật Bí: mũ len đỏ có quả bông trắng, áo khoác xanh dương có hai túi lớn, và đôi ủng cao su màu vàng. Tớ vẽ Bí chạy, ngồi, nhảy hay cười thì nhìn vào vẫn nhận ra đúng một bạn. Ba thứ ấy chính là MẬT MÃ NHẬN DIỆN.
Vậy hôm nay mình cần hai thứ. Ảnh mẫu để tớ biết: “À, đúng bạn này.” Còn ba đặc điểm nhận diện để tớ biết: “Ba thứ này không được đổi.” Ba đặc điểm nên dễ nhìn thấy, dễ tả bằng lời và đủ đặc biệt để nhận ra nhân vật. Đừng chọn những câu chung chung như “mắt đẹp”, “tóc dài”, “trông ngầu”. “Mũ đỏ” cũng chưa rõ lắm. Nhưng “mũ len đỏ có quả bông trắng” thì tớ biết chính xác phải giữ lại điều gì.","[calm] Sumi sau đó liền chọn một bức làm ẢNH MẪU. [playful] Nhưng không phải cứ chọn bức ngầu nhất đâu nhé. [deliberate] Ảnh mẫu tốt nhất là bức mà tớ nhìn nhân vật thật dễ: nền đơn giản, tốt nhất là nền trắng hoặc màu trơn; chỉ có một nhân vật; nhân vật đứng trực diện hoặc hơi nghiêng nhẹ; nhìn rõ mặt, tóc, quần áo và toàn thân; không bị đồ vật che mất; màu sắc sáng rõ, không quá tối hay quá nhiều hiệu ứng. [serious] Nếu đôi giày, cái mũ hay chiếc đuôi là đặc điểm quan trọng thì nhớ để chúng xuất hiện đầy đủ trong ảnh. [emphasized] Nói đơn giản: ảnh mẫu càng rõ, tớ càng ít phải đoán.
[thoughtful] Sau đó, Sumi còn nhắc tớ đúng ba thứ của nhân vật Bí: mũ len đỏ có quả bông trắng, áo khoác xanh dương có hai túi lớn, và đôi ủng cao su màu vàng. [proud] Tớ vẽ Bí chạy, ngồi, nhảy hay cười thì nhìn vào vẫn nhận ra đúng một bạn. [emphasized] Ba thứ ấy chính là MẬT MÃ NHẬN DIỆN.
[deliberate] Vậy hôm nay mình cần hai thứ. Ảnh mẫu để tớ biết: “À, đúng bạn này.” [serious] Còn ba đặc điểm nhận diện để tớ biết: “Ba thứ này không được đổi.” [calm] Ba đặc điểm nên dễ nhìn thấy, dễ tả bằng lời và đủ đặc biệt để nhận ra nhân vật. [encouraging] Đừng chọn những câu chung chung như “mắt đẹp”, “tóc dài”, “trông ngầu”. “Mũ đỏ” cũng chưa rõ lắm. [emphasized] Nhưng “mũ len đỏ có quả bông trắng” thì tớ biết chính xác phải giữ lại điều gì.","Mèo AKI chia sẻ, diễn hoạt bảng trắng",,,
,4. LÀM CÙNG,2:00–4:00,"Giờ tớ làm thử cho Bí nhé. Đầu tiên, tớ chọn một bức Bí đứng thẳng, nhìn rõ toàn thân, nền trắng, không có đồ vật che trước mặt làm ảnh mẫu. Sau đó tớ ghi ba dòng vào Bản luật vẽ nhân vật: một, mũ len đỏ có quả bông trắng. Hai, áo khoác xanh dương có hai túi lớn phía trước. Ba, ủng cao su màu vàng cao đến bắp chân. Từ giờ, mỗi lần tạo Bí, tớ sẽ nhìn ảnh mẫu rồi kiểm tra ba dòng này. Mất mũ? Chưa đúng. Áo đổi màu? Chưa đúng. Ủng biến thành giày thể thao? Cũng chưa đúng. Dù hình có đẹp đến đâu, đẹp mà sai nhân vật thì vẫn phải sửa.","[cheerful] Giờ tớ làm thử cho Bí nhé. [deliberate] Đầu tiên, tớ chọn một bức Bí đứng thẳng, nhìn rõ toàn thân, nền trắng, không có đồ vật che trước mặt làm ảnh mẫu. [thoughtful] Sau đó tớ ghi ba dòng vào Bản luật vẽ nhân vật: một, mũ len đỏ có quả bông trắng. Hai, áo khoác xanh dương có hai túi lớn phía trước. Ba, ủng cao su màu vàng cao đến bắp chân. [serious] Từ giờ, mỗi lần tạo Bí, tớ sẽ nhìn ảnh mẫu rồi kiểm tra ba dòng này. [surprised] Mất mũ? Chưa đúng. [confused] Áo đổi màu? Chưa đúng. [worried] Ủng biến thành giày thể thao? Cũng chưa đúng. [emphasized] Dù hình có đẹp đến đâu, đẹp mà sai nhân vật thì vẫn phải sửa.","Mèo AKI chia sẻ, diễn hoạt bảng trắng",,,
,5. THỬ THÁCH + CHỐT + OUTRO,4:00–5:30,"Bây giờ đến lượt các cậu. Hãy chọn một bức nhân vật làm ảnh mẫu chuẩn. Kiểm tra nhé: nền có đơn giản không? Có chỉ một nhân vật không? Mặt và toàn thân có nhìn rõ không? Có chi tiết nào bị che mất không? Những đặc điểm quan trọng có xuất hiện đầy đủ không? Qua hết rồi thì giữ bức đó làm ảnh mẫu.
Tiếp theo, tưởng tượng nhân vật đang đứng giữa một đám đông thật lớn. Nếu phải chỉ cho người khác biết: “Bạn của tớ là người kia kìa!”, các cậu sẽ nói ba điều gì? Hãy chọn ba đặc điểm dễ nhận ra nhất, viết thật rõ vào nhé.
Từ những lần sau, mỗi khi muốn tạo nhân vật trong tư thế hay cảm xúc mới, hãy nhớ hai việc: đính kèm ảnh mẫu và nhắc lại ba đặc điểm nhận diện. Ảnh mẫu giúp tớ biết đúng bạn nào. Ba đặc điểm giúp tớ biết điều gì phải giữ nguyên.
Buổi sau, chúng mình sẽ cho nhân vật vui, buồn, sợ, giận mà vẫn phải giữ đúng là một bạn. Tớ chờ các cậu! Bái Bai","[excited] Bây giờ đến lượt các cậu. [encouraging] Hãy chọn một bức nhân vật làm ảnh mẫu chuẩn. [deliberate] Kiểm tra nhé: nền có đơn giản không? Có chỉ một nhân vật không? Mặt và toàn thân có nhìn rõ không? Có chi tiết nào bị che mất không? Những đặc điểm quan trọng có xuất hiện đầy đủ không? [cheerful] Qua hết rồi thì giữ bức đó làm ảnh mẫu.
[curious] Tiếp theo, tưởng tượng nhân vật đang đứng giữa một đám đông thật lớn. [playful] Nếu phải chỉ cho người khác biết: “Bạn của tớ là người kia kìa!”, các cậu sẽ nói ba điều gì? [determined] Hãy chọn ba đặc điểm dễ nhận ra nhất, viết thật rõ vào nhé.
[calm] Từ những lần sau, mỗi khi muốn tạo nhân vật trong tư thế hay cảm xúc mới, hãy nhớ hai việc: đính kèm ảnh mẫu và nhắc lại ba đặc điểm nhận diện. [emphasized] Ảnh mẫu giúp tớ biết đúng bạn nào. Ba đặc điểm giúp tớ biết điều gì phải giữ nguyên.
[excited] Buổi sau, chúng mình sẽ cho nhân vật vui, buồn, sợ, giận mà vẫn phải giữ đúng là một bạn. [warm] Tớ chờ các cậu! Bái Bai","Mèo AKI chia sẻ  diễn hoạt bảng trắng + 1 mình, Popup Text",,,
,,,,,,,,
Bài 3.3 — BIỂU CẢM BIẾN HOÁ,,,,,,,,
1.3,1. INTRO,0:00–0:15,"Xưởng sáng tạo Ây Ai Kít mở cửa rồi! Xin chào các cậu, lại là tớ đây, chú mèo máy thông minh nhì quả đất này. Hôm nay mình đến với bài 3.3: Biến hoá biểu cảm. Nhớ để ảnh mẫu và luật vẽ nhân vật ngay cạnh nhé, vì hôm nay nhân vật của các cậu sẽ đổi mặt liên tục, nhưng tuyệt đối không được đổi thành người khác nhaaa","[excited] Xưởng sáng tạo Ây Ai Kít mở cửa rồi! [giggles] Xin chào các cậu, lại là tớ đây, chú mèo máy thông minh nhì quả đất này. [cheerful] Hôm nay mình đến với bài 3.3: Biến hoá biểu cảm. [serious] Nhớ để ảnh mẫu và luật vẽ nhân vật ngay cạnh nhé, vì hôm nay nhân vật của các cậu sẽ đổi mặt liên tục, [playful] nhưng tuyệt đối không được đổi thành người khác nhaaa","Intro Mèo AIKI mở cửa, và  bắt đầu chia sẻ, có POP UP Text",,,
,2. TÌNH HUỐNG,0:15–0:50,"Hôm qua Tina làm cho Bông một bộ sáu biểu cảm: vui, buồn, sợ, giận, ngạc nhiên và buồn ngủ. Làm xong, Tina nhìn lại rồi... ơ? Hình thì Bông vẫn đeo chuông vàng, hình lại mất chuông. Hình thì vòng cổ đỏ, hình khác lại đổi màu. Có hình nhìn còn chẳng giống Bông nữa. Sáu biểu cảm mà cứ như sáu chú chó khác nhau. Vì Tina chỉ nói với tớ: “Bông đang vui”, “Bông đang giận”... nhưng lại quên nhắc tớ Bông trông như thế nào.","[calm] Hôm qua Tina làm cho Bông một bộ sáu biểu cảm: vui, buồn, sợ, giận, ngạc nhiên và buồn ngủ. [confused] Làm xong, Tina nhìn lại rồi... ơ? [surprised] Hình thì Bông vẫn đeo chuông vàng, hình lại mất chuông. Hình thì vòng cổ đỏ, hình khác lại đổi màu. [worried] Có hình nhìn còn chẳng giống Bông nữa. [sighs] Sáu biểu cảm mà cứ như sáu chú chó khác nhau. [thoughtful] Vì Tina chỉ nói với tớ: “Bông đang vui”, “Bông đang giận”... nhưng lại quên nhắc tớ Bông trông như thế nào.", Tình huống,,,
,3. XEM MẪU + DẠY 1 KỸ NĂNG,0:50–2:00,"Thử lại nhé. Lần này Tina luôn gửi kèm ảnh mẫu của Bông và nhắc lại những đặc điểm quan trọng trong Luật vẽ nhân vật. Bông có thể cười tít mắt, buồn rũ tai, sợ hãi hay cau có, nhưng những đặc điểm nhận diện vẫn phải giữ nguyên. Sáu cái mặt khác nhau, nhưng vừa nhìn là biết ngay: đây vẫn là Bông. Câu để nhớ hôm nay là: Đổi mặt, không đổi người.
Cách làm rất đơn giản. Mỗi lần tạo, hãy dùng ảnh mẫu, nhắc lại các đặc điểm nhận diện, rồi mới thêm biểu cảm và hành động. Ví dụ: “Giữ đúng Bông trong ảnh mẫu, vòng cổ đỏ, chuông vàng và các đặc điểm nhận diện đã chọn. Bông đang giận, lông mày chụm lại, hai chân trước chống xuống đất.” Đừng chỉ nói “Bông đang giận”, vì nếu thiếu ảnh mẫu và luật vẽ, tớ rất dễ vẽ ra một chú chó khác.","[determined] Thử lại nhé. [calm] Lần này Tina luôn gửi kèm ảnh mẫu của Bông và nhắc lại những đặc điểm quan trọng trong Luật vẽ nhân vật. [playful] Bông có thể cười tít mắt, buồn rũ tai, sợ hãi hay cau có, nhưng những đặc điểm nhận diện vẫn phải giữ nguyên. [proud] Sáu cái mặt khác nhau, nhưng vừa nhìn là biết ngay: đây vẫn là Bông. [emphasized] Câu để nhớ hôm nay là: Đổi mặt, không đổi người.
[cheerful] Cách làm rất đơn giản. [deliberate] Mỗi lần tạo, hãy dùng ảnh mẫu, nhắc lại các đặc điểm nhận diện, rồi mới thêm biểu cảm và hành động. [calm] Ví dụ: “Giữ đúng Bông trong ảnh mẫu, vòng cổ đỏ, chuông vàng và các đặc điểm nhận diện đã chọn. Bông đang giận, lông mày chụm lại, hai chân trước chống xuống đất.” [serious] Đừng chỉ nói “Bông đang giận”, vì nếu thiếu ảnh mẫu và luật vẽ, tớ rất dễ vẽ ra một chú chó khác.","Mèo AKI chia sẻ, diễn hoạt bảng trắng",,,
,4. LÀM CÙNG,2:00–4:00,"Giờ tớ thử nhé. Tớ gõ nhanh: “Bông đang giận.” Kết quả... ơ, ai đây? Vòng cổ khác màu, chuông cũng biến mất. Đây là một chú chó đang giận, nhưng không phải Bông. Tớ nhìn lại và thấy ngay lỗi: tớ đã quên ảnh mẫu và quên nhắc lại đặc điểm nhận diện. Tớ thêm chúng vào rồi tạo lại. Lần này, đem so với Luật vẽ nhân vật: đặc điểm một đúng, đặc điểm hai đúng, đặc điểm ba đúng. Ba trên ba. Duyệt!","[playful] Giờ tớ thử nhé. [mischievous] Tớ gõ nhanh: “Bông đang giận.” [surprised] Kết quả... ơ, ai đây? [confused] Vòng cổ khác màu, chuông cũng biến mất. [disappointed] Đây là một chú chó đang giận, nhưng không phải Bông. [thoughtful] Tớ nhìn lại và thấy ngay lỗi: tớ đã quên ảnh mẫu và quên nhắc lại đặc điểm nhận diện. [determined] Tớ thêm chúng vào rồi tạo lại. [deliberate] Lần này, đem so với Luật vẽ nhân vật: đặc điểm một đúng, đặc điểm hai đúng, đặc điểm ba đúng. [proud] Ba trên ba. [excited] Duyệt!","Mèo AKI chia sẻ, diễn hoạt bảng trắng",,,
,5. THỬ THÁCH + CHỐT + OUTRO,4:00–5:30,"Bây giờ đến lượt các cậu. Hãy tạo cho nhân vật của mình sáu biểu cảm: vui, buồn, sợ, giận, ngạc nhiên và buồn ngủ. Sau mỗi hình, đừng vội làm hình tiếp theo. Hãy nhìn lại ảnh mẫu và Luật vẽ nhân vật xem các đặc điểm quan trọng còn đủ không. Nếu thiếu một thứ, nghĩa là nhân vật đã bị trôi. Sửa câu lệnh rồi tạo lại nhé.
Thử thách hôm nay không phải là làm sáu cái mặt thật đẹp. Mà là: sáu biểu cảm khác nhau nhưng vẫn phải là cùng một nhân vật.
Và nhớ nhé: Đổi mặt, không đổi người. Ngoài màn hình, các cậu thử soi gương và làm sáu biểu cảm này xem. Để ý đôi mắt, lông mày và miệng nhé, chỉ cần thay đổi một chút thôi là cảm xúc đã khác hẳn rồi.
Buổi sau là bài cuối chương: Căn cứ bí mật của biệt đội. Chúng mình sẽ tạo một nơi thật hợp với chính nhân vật của mình. Tớ chờ các cậu! Bái bai!","[excited] Bây giờ đến lượt các cậu. [encouraging] Hãy tạo cho nhân vật của mình sáu biểu cảm: vui, buồn, sợ, giận, ngạc nhiên và buồn ngủ. [serious] Sau mỗi hình, đừng vội làm hình tiếp theo. Hãy nhìn lại ảnh mẫu và Luật vẽ nhân vật xem các đặc điểm quan trọng còn đủ không. [worried] Nếu thiếu một thứ, nghĩa là nhân vật đã bị trôi. [calm] Sửa câu lệnh rồi tạo lại nhé.
[thoughtful] Thử thách hôm nay không phải là làm sáu cái mặt thật đẹp. [emphasized] Mà là: sáu biểu cảm khác nhau nhưng vẫn phải là cùng một nhân vật.
[emphasized] Và nhớ nhé: Đổi mặt, không đổi người. [playful] Ngoài màn hình, các cậu thử soi gương và làm sáu biểu cảm này xem. [curious] Để ý đôi mắt, lông mày và miệng nhé, chỉ cần thay đổi một chút thôi là cảm xúc đã khác hẳn rồi.
[excited] Buổi sau là bài cuối chương: Căn cứ bí mật của biệt đội. [cheerful] Chúng mình sẽ tạo một nơi thật hợp với chính nhân vật của mình. [warm] Tớ chờ các cậu! Bái bai!","Mèo AKI chia sẻ  diễn hoạt bảng trắng + 1 mình, Popup Text",,,
,,,,,,,,
Bài 3.4 — CĂN CỨ BÍ MẬT CỦA BIỆT ĐỘI,,,,,,,,
1.4,1. INTRO,0:00–0:15,"Xưởng sáng tạo Ây Ai Kít mở cửa rồi! Xin chào các cậu, lại là tớ đây, chú mèo máy thông minh nhì quả đất này. Hôm nay mình đến với bài cuối của chương: Căn cứ bí mật của biệt đội. Nhớ lấy Hồ sơ nhân vật, Ảnh mẫu và Luật vẽ nhân vật ra nhé. Hôm nay chúng mình sẽ dùng cả ba để tạo ra một nơi mà vừa nhìn vào là biết: “À, đây đúng là chỗ của bạn ấy!”","[excited] Xưởng sáng tạo Ây Ai Kít mở cửa rồi! [giggles] Xin chào các cậu, lại là tớ đây, chú mèo máy thông minh nhì quả đất này. [cheerful] Hôm nay mình đến với bài cuối của chương: Căn cứ bí mật của biệt đội. [serious] Nhớ lấy Hồ sơ nhân vật, Ảnh mẫu và Luật vẽ nhân vật ra nhé. [curious] Hôm nay chúng mình sẽ dùng cả ba để tạo ra một nơi mà vừa nhìn vào là biết: “À, đây đúng là chỗ của bạn ấy!”","Intro Mèo AIKI mở cửa, và  bắt đầu chia sẻ, có POP UP Text",,,
,2. TÌNH HUỐNG,0:15–0:50,"Hôm trước Sonet dựng cho chú mèo Bum của cậu ấy một căn phòng bí mật cực đẹp: đèn lung linh, tường đầy sách, bản đồ cổ, kính thiên văn nhìn ra cửa sổ. Đẹp thật đấy. Nhưng nhìn mãi... chẳng thấy Bum đâu. Tớ tưởng tượng Bum bước vào, ngó quanh rồi hỏi: “Ơ, đây là phòng của ai vậy?” Lúc ấy Sonet mới nhận ra: bạn ấy đã dựng một căn phòng mình thích, chứ chưa chắc là căn phòng hợp với Bum.","[calm] Hôm trước Sonet dựng cho chú mèo Bum của cậu ấy một căn phòng bí mật cực đẹp: đèn lung linh, tường đầy sách, bản đồ cổ, kính thiên văn nhìn ra cửa sổ. [amazed] Đẹp thật đấy. [confused] Nhưng nhìn mãi... chẳng thấy Bum đâu. [playful] Tớ tưởng tượng Bum bước vào, ngó quanh rồi hỏi: “Ơ, đây là phòng của ai vậy?” [thoughtful] Lúc ấy Sonet mới nhận ra: bạn ấy đã dựng một căn phòng mình thích, chứ chưa chắc là căn phòng hợp với Bum.", Tình huống,,,
,3. XEM MẪU + DẠY 1 KỸ NĂNG,0:50–2:00,"Thử nhìn Tép nhé. Nếu tớ cho Tép sống trong lâu đài pha lê, có ngai vàng và thảm đỏ thì rất đẹp. Nhưng Tép là chú chuột thích nhặt nắp chai, giỏi nhớ đường, dở buộc dây giày và sợ cái cống. Ngồi trên ngai vàng thì... chẳng giống Tép chút nào. Còn nếu ở một góc nhỏ dưới cầu thang, có hộp thiếc đựng nắp chai, một tấm bản đồ vẽ tay, sợi dây giày cũ và một ô cửa bé nhìn ra cái cống — à, lần này vừa nhìn là thấy đúng chất Tép rồi.

Vậy kỹ năng hôm nay rất đơn giản: Nơi ở cũng phải kể được tính cách của nhân vật. Trước khi thêm một món đồ, hãy nhìn lại Hồ sơ và hỏi: “Thứ này liên quan đến điều gì của bạn ấy?” Bạn ấy thích gì? Giỏi gì? Sợ gì? Mơ ước gì? Nếu chẳng liên quan gì cả, có lẽ món đồ ấy không cần xuất hiện. Căn cứ không cần thật to hay thật đẹp. Nó cần đúng với người sống trong đó.","[curious] Thử nhìn Tép nhé. [dramatic] Nếu tớ cho Tép sống trong lâu đài pha lê, có ngai vàng và thảm đỏ thì rất đẹp. [thoughtful] Nhưng Tép là chú chuột thích nhặt nắp chai, giỏi nhớ đường, dở buộc dây giày và sợ cái cống. [confused] Ngồi trên ngai vàng thì... chẳng giống Tép chút nào. [gentle] Còn nếu ở một góc nhỏ dưới cầu thang, có hộp thiếc đựng nắp chai, một tấm bản đồ vẽ tay, sợi dây giày cũ và một ô cửa bé nhìn ra cái cống — [proud] à, lần này vừa nhìn là thấy đúng chất Tép rồi.

[emphasized] Vậy kỹ năng hôm nay rất đơn giản: Nơi ở cũng phải kể được tính cách của nhân vật. [deliberate] Trước khi thêm một món đồ, hãy nhìn lại Hồ sơ và hỏi: “Thứ này liên quan đến điều gì của bạn ấy?” [curious] Bạn ấy thích gì? Giỏi gì? Sợ gì? Mơ ước gì? [thoughtful] Nếu chẳng liên quan gì cả, có lẽ món đồ ấy không cần xuất hiện. [calm] Căn cứ không cần thật to hay thật đẹp. [emphasized] Nó cần đúng với người sống trong đó.","Mèo AKI chia sẻ, diễn hoạt bảng trắng",,,
,4. LÀM CÙNG,2:00–4:00,"Giờ tớ làm thử cho Tép nhé. Tớ mở Hồ sơ ra. Tép thích nhặt nắp chai, vậy tớ cho một hộp thiếc đầy nắp chai xếp theo màu. Tép giỏi nhớ đường, vậy trên tường có một tấm bản đồ tự vẽ. Tép dở buộc dây giày, nên ở góc có một sợi dây giày cũ. Tép sợ cái cống, vậy ngoài ô cửa nhỏ có thể nhìn thấy một chiếc nắp cống. Cuối cùng, tớ đính kèm Ảnh mẫu, giữ đúng Luật vẽ nhân vật, rồi đặt Tép nổi bật trong căn phòng. Lần này căn cứ không chỉ đẹp — nó còn kể cho mình biết Tép là ai.","[cheerful] Giờ tớ làm thử cho Tép nhé. [calm] Tớ mở Hồ sơ ra. [deliberate] Tép thích nhặt nắp chai, vậy tớ cho một hộp thiếc đầy nắp chai xếp theo màu. [playful] Tép giỏi nhớ đường, vậy trên tường có một tấm bản đồ tự vẽ. [giggles] Tép dở buộc dây giày, nên ở góc có một sợi dây giày cũ. [worried] Tép sợ cái cống, vậy ngoài ô cửa nhỏ có thể nhìn thấy một chiếc nắp cống. [determined] Cuối cùng, tớ đính kèm Ảnh mẫu, giữ đúng Luật vẽ nhân vật, rồi đặt Tép nổi bật trong căn phòng. [proud] Lần này căn cứ không chỉ đẹp — nó còn kể cho mình biết Tép là ai.","Mèo AKI chia sẻ, diễn hoạt bảng trắng",,,
,5. THỬ THÁCH + CHỐT + OUTRO,4:00–5:30,"Bây giờ đến lượt các cậu. Mở Hồ sơ nhân vật ra và chọn vài chi tiết quan trọng để biến thành đồ vật hoặc góc đặc biệt trong căn cứ. Sau đó đính kèm Ảnh mẫu, giữ đúng những đặc điểm trong Luật vẽ nhân vật, rồi tạo nhân vật ở trong chính nơi ở của mình. Nhớ nhé: căn phòng có thể thay đổi, tư thế có thể thay đổi, nhưng nhân vật vẫn phải là đúng một bạn.
Cuối cùng, hãy hoàn thiện bộ nhân vật của mình: chân dung, các biểu cảm, một vài tư thế và căn cứ riêng. Nhìn lại xem mọi thứ có cùng kể về một nhân vật không. Nếu chỉ nhìn căn phòng mà người khác đã đoán được bạn ấy thích gì, sợ gì hay thường làm gì — các cậu làm đúng rồi đấy.
Và nhớ câu chốt của cả chương nhé: Nhân vật hay không phải vì đẹp, mà vì có tính cách. Hồ sơ cho mình biết bạn ấy là ai. Ảnh mẫu và Luật vẽ giúp giữ đúng bạn ấy. Còn căn cứ cho người xem thấy bạn ấy sống trong thế giới như thế nào.
Chương sau, nhân vật của các cậu sẽ bước thẳng vào Vương quốc Truyện tranh AI và bắt đầu câu chuyện của riêng mình. Tớ chờ các cậu! Bái bai!","[excited] Bây giờ đến lượt các cậu. [encouraging] Mở Hồ sơ nhân vật ra và chọn vài chi tiết quan trọng để biến thành đồ vật hoặc góc đặc biệt trong căn cứ. [deliberate] Sau đó đính kèm Ảnh mẫu, giữ đúng những đặc điểm trong Luật vẽ nhân vật, rồi tạo nhân vật ở trong chính nơi ở của mình. [emphasized] Nhớ nhé: căn phòng có thể thay đổi, tư thế có thể thay đổi, nhưng nhân vật vẫn phải là đúng một bạn.
[determined] Cuối cùng, hãy hoàn thiện bộ nhân vật của mình: chân dung, các biểu cảm, một vài tư thế và căn cứ riêng. [curious] Nhìn lại xem mọi thứ có cùng kể về một nhân vật không. [proud] Nếu chỉ nhìn căn phòng mà người khác đã đoán được bạn ấy thích gì, sợ gì hay thường làm gì — các cậu làm đúng rồi đấy.
[warm] Và nhớ câu chốt của cả chương nhé: [emphasized] Nhân vật hay không phải vì đẹp, mà vì có tính cách. [calm] Hồ sơ cho mình biết bạn ấy là ai. [deliberate] Ảnh mẫu và Luật vẽ giúp giữ đúng bạn ấy. [gentle] Còn căn cứ cho người xem thấy bạn ấy sống trong thế giới như thế nào.
[excited] Chương sau, nhân vật của các cậu sẽ bước thẳng vào Vương quốc Truyện tranh AI và bắt đầu câu chuyện của riêng mình. [warm] Tớ chờ các cậu! Bái bai!","Mèo AKI chia sẻ  diễn hoạt bảng trắng + 1 mình, Popup Text",,,