MODULE 4 — VƯƠNG QUỐC TRUYỆN TRANH AI,,,,,,,,
"Cậu viết được một câu chuyện có cốt rồi biến nó thành cuốn truyện tranh in được. Sản phẩm: truyện tranh tám trang có bìa, đóng gáy được. Câu chốt: AKI vẽ được truyện, nhưng cậu mới là người nghĩ ra câu chuyện.",,,,,,,,
,,,,,,,,
PHẦN 1 — TỔNG THỂ,,,,,,,,
Bài,Tên bài,Mục tiêu của bài,Kỹ năng trẻ học được,,Điểm chặn,Trong Xưởng thực hành,Học liệu tạo ra,Trẻ hoàn thành
4.1,3 Cổng của Vương Quốc,Trẻ kể miệng được một chuyện có đủ ba phần.,"Ba phần: bình thường, có chuyện, giải quyết.",,"AKI chỉ được hỏi ngược. Danh sách câu hỏi cố định, hard-code, tuyệt đối không gọi model tự do.","Kể miệng chuyện của nhân vật mình rồi ghi âm. Nghe lại bản ghi, tự sửa, kể lần hai.","Bản ghi âm lần hai, đưa vào nhật ký tuần.","Trong bản ghi có một thứ gì đó hỏng, mất hoặc lạc, chứ không chỉ là kể lại một chuỗi việc."
4.2,4 Chặng thử thách,Trẻ viết được khung xương truyện bốn dòng.,"Bốn dòng: muốn gì, gì cản, làm cách nào, kết ra sao.",,"Nút tạo hình vẫn khoá, hiện chữ mở ở bài 4.4.","Điền bốn dòng cho nhân vật lấy từ Module 3. Đọc to lên, chỗ nào lỏng thì sửa.","Khung xương truyện, chính là bản thiết kế cho storyboard ở bài sau.","Dòng cái gì cản có nội dung thật, tốt nhất là lấy từ ô dở trong hồ sơ nhân vật."
4.3,Bản đồ 8 Ô - Phần 1: Mở,"Trẻ chia được chuyện thành tám khung, mỗi khung một việc.",Storyboard vẽ tay bằng hình que.,,Điểm chặn lớn nhất cả khoá. Chưa nộp ảnh tám ô vẽ tay thì bài 4.4 không mở. Phải test với năm trẻ thật trước khi phát hành.,"Vẽ tay đủ tám ô hình que trên giấy, viết một câu dưới mỗi ô, chụp ảnh nộp.",Tờ storyboard vẽ tay của cậu. Dùng làm nền đối chiếu suốt bài 4.4.,"Đủ tám ô, mỗi ô đúng một việc, và có câu mô tả dưới từng ô."
4.4,Bản đồ 8 Ô - Phần 2: Khoá,Trẻ tả được từng khung mà nhân vật vẫn giữ nguyên qua cả tám hình.,"Câu lệnh theo storyboard, khoá ba đặc điểm nhân vật vào mọi khung.",,"Lượt tạo tính theo khung, tám khung là tám ô riêng. Tính theo lần bấm là trẻ hết lượt ở khung năm.","Tạo đủ tám khung theo đúng storyboard tay, soi từng khung, khung nào trôi thì sửa câu lệnh.","Tám khung truyện, chính là ruột cuốn truyện tranh.",Tám khung xếp đúng thứ tự storyboard và nhân vật nhận ra được ở cả tám khung.
4.5,Vương miện hoàn hảo,Trẻ viết được toàn bộ lời thoại và hoàn thành cuốn truyện.,Đặt chữ lên hình. Đặt tên truyện.,,Màn này không gọi model. Không có nút gợi ý lời thoại. Tối đa hai bong bóng mỗi khung.,"Tự viết hết lời thoại tám khung, đặt tên truyện, làm bìa, xuất file, in, gấp, đóng gáy.","Cuốn truyện tranh tám trang có bìa, đóng gáy được, có tên tác giả. Đây là sản phẩm Module 4.","Mọi câu thoại đều do cậu viết, và bìa có nhãn ghi công đầy đủ."
PHẦN 2 — CHI TIẾT KỊCH BẢN VIDEO,,,,,,,,
Bài 4.1 — 3 CỔNG CỦA VƯƠNG QUỐC,,,,,,,,
1.1,1. INTRO,0:00–0:15,"Xưởng sáng tạo Ây Ai Kít mở cửa rồi! Xin chào các cậu, lại là tớ đây, chú mèo máy thông minh nhì quả đất này. Các cậu có muốn tạo ra được truyện tranh của riêng mình không? Hôm nay chúng mình bước vào chủ đề mới: VƯƠNG QUỐC TRUYỆN TRANH AI. Bài đầu tiên có tên là Ba cổng của Vương Quốc.","[excited] Xưởng sáng tạo Ây Ai Kít mở cửa rồi! [cheerful] Xin chào các cậu, lại là tớ đây, chú mèo máy thông minh nhì quả đất này. [curious] Các cậu có muốn tạo ra được truyện tranh của riêng mình không? [excited] Hôm nay chúng mình bước vào chủ đề mới: VƯƠNG QUỐC TRUYỆN TRANH AI. [emphasized] Bài đầu tiên có tên là Ba cổng của Vương Quốc.","Intro Mèo AIKI mở cửa, và  bắt đầu chia sẻ, có POP UP Text",,,
,2. TÌNH HUỐNG,0:15–1:15,"Hôm qua Bona kể cho tớ nghe chuyện về Chíp: “Chíp thức dậy. Chíp ăn sáng. Chíp ra sân chơi. Chíp ăn trưa. Chíp về nhà. Chíp đi ngủ. Hết.” Ơ... nghe xong tớ cứ thấy thiếu thiếu. Mọi việc đều đúng, nhưng chẳng có chuyện gì đặc biệt xảy ra cả. Các cậu thấy đây giống một câu chuyện hay giống danh sách những việc Bum làm trong ngày hơn?","[cheerful] Hôm qua Bona kể cho tớ nghe chuyện về Chíp: [deliberate] “Chíp thức dậy. Chíp ăn sáng. Chíp ra sân chơi. Chíp ăn trưa. Chíp về nhà. Chíp đi ngủ. Hết.” [confused] Ơ... nghe xong tớ cứ thấy thiếu thiếu. [thoughtful] Mọi việc đều đúng, nhưng chẳng có chuyện gì đặc biệt xảy ra cả. [curious] Các cậu thấy đây giống một câu chuyện hay giống danh sách những việc Bum làm trong ngày hơn?", Tình huống,,,
,3. XEM MẪU + DẠY 1 KỸ NĂNG,1:15–3:00,"Tớ bảo Bona thử kể lại. Lần này khác đi rồi: Chip mang quả bóng yêu thích ra sân chơi như mọi hôm. Đang chơi thì quả bóng lăn qua một khe nhỏ rồi mắc ở phía bên kia hàng rào. Chíp thử với chân, thử chui qua nhưng đều không được. Cuối cùng, Chíp tìm một cành cây dài, khều quả bóng trở lại. À! Lần này nghe giống một câu chuyện rồi đấy.
Vì câu chuyện vừa rồi đã đi qua BA CỔNG. Cổng một: BÌNH THƯỜNG — lúc đầu nhân vật đang làm gì? Cổng hai: CÓ CHUYỆN — điều gì bất ngờ xảy ra? Cổng ba: GIẢI QUYẾT — nhân vật làm gì để xử lý và cuối cùng ra sao? Chỉ cần nhớ: Bình thường – Có chuyện – Giải quyết.
Hôm nay tớ cũng có một luật: tớ không được nghĩ câu chuyện thay các cậu. Nếu các cậu bí, tớ sẽ chỉ gợi ý: “Rồi sao nữa?”, “Lúc ấy bạn ấy cảm thấy thế nào?”, “Cuối cùng thì sao?” Vì câu chuyện hay nhất phải bắt đầu từ ý tưởng của chính các cậu.","[cheerful] Tớ bảo Bona thử kể lại. [playful] Lần này khác đi rồi: Chip mang quả bóng yêu thích ra sân chơi như mọi hôm. [surprised] Đang chơi thì quả bóng lăn qua một khe nhỏ rồi mắc ở phía bên kia hàng rào. [worried] Chíp thử với chân, thử chui qua nhưng đều không được. [relieved] Cuối cùng, Chíp tìm một cành cây dài, khều quả bóng trở lại. [proud] À! Lần này nghe giống một câu chuyện rồi đấy.
[excited] Vì câu chuyện vừa rồi đã đi qua BA CỔNG. [deliberate] Cổng một: BÌNH THƯỜNG — lúc đầu nhân vật đang làm gì? [curious] Cổng hai: CÓ CHUYỆN — điều gì bất ngờ xảy ra? [determined] Cổng ba: GIẢI QUYẾT — nhân vật làm gì để xử lý và cuối cùng ra sao? [emphasized] Chỉ cần nhớ: Bình thường – Có chuyện – Giải quyết.
[serious] Hôm nay tớ cũng có một luật: tớ không được nghĩ câu chuyện thay các cậu. [gentle] Nếu các cậu bí, tớ sẽ chỉ gợi ý: “Rồi sao nữa?”, “Lúc ấy bạn ấy cảm thấy thế nào?”, “Cuối cùng thì sao?” [warm] Vì câu chuyện hay nhất phải bắt đầu từ ý tưởng của chính các cậu.","Mèo AKI chia sẻ, diễn hoạt bảng trắng",,,
,4. LÀM CÙNG,3:00–4:00,"Tớ thử kể một chuyện khác của tớ nhé. Tớ có 1 chú Mèo Máy Ommi, Bình thường, tối nào Ommi cũng ôm chú cá bông đi ngủ. Một hôm, đến giờ ngủ thì chú cá bông biến mất. Ommi tìm trên giường, dưới bàn, trong giỏ đồ chơi mà vẫn không thấy. Cuối cùng, Ommi nghe tiếng “meo” ngoài cửa và phát hiện chú cá bông đang mắc trong chiếc chăn mà Ommi kéo ra sân lúc chiều. Thế là Ommi ôm cá bông về giường và ngủ ngon. Bình thường – Có chuyện – Giải quyết. Đủ ba cổng!
Các cậu có thể lấy ý tưởng ngay từ Hồ sơ nhân vật của mình. Bạn ấy thích thứ gì? Sợ điều gì? Dở việc gì? Chỉ cần một trong những điều ấy gặp rắc rối là câu chuyện có thể bắt đầu rồi.","[playful] Tớ thử kể một chuyện khác của tớ nhé. [cheerful] Tớ có 1 chú Mèo Máy Ommi, Bình thường, tối nào Ommi cũng ôm chú cá bông đi ngủ. [gasps] Một hôm, đến giờ ngủ thì chú cá bông biến mất. [worried] Ommi tìm trên giường, dưới bàn, trong giỏ đồ chơi mà vẫn không thấy. [surprised] Cuối cùng, Ommi nghe tiếng “meo” ngoài cửa và phát hiện chú cá bông đang mắc trong chiếc chăn mà Ommi kéo ra sân lúc chiều. [relieved] Thế là Ommi ôm cá bông về giường và ngủ ngon. [proud] Bình thường – Có chuyện – Giải quyết. Đủ ba cổng!
[encouraging] Các cậu có thể lấy ý tưởng ngay từ Hồ sơ nhân vật của mình. [curious] Bạn ấy thích thứ gì? Sợ điều gì? Dở việc gì? [excited] Chỉ cần một trong những điều ấy gặp rắc rối là câu chuyện có thể bắt đầu rồi.","Mèo AKI chia sẻ, diễn hoạt bảng trắng",,,
,5. THỬ THÁCH + CHỐT + OUTRO,4:00–5:30,"Bây giờ đến lượt các cậu. Lấy thẻ nhân vật ra, nhìn lại Hồ sơ rồi kể một câu chuyện bằng miệng. Nhớ đủ ba cổng: Bình thường – Có chuyện – Giải quyết. Ghi âm lại, nghe một lần và kiểm tra xem mình có bỏ quên cổng nào không. Nếu thiếu, kể lại lần nữa.
Và nhớ nhé: Bình thường – Có chuyện – Giải quyết. Ba cổng này sẽ giúp những việc bình thường biến thành một câu chuyện có đầu, có giữa và có kết thúc.
Buổi sau, chúng mình sẽ lấy chính câu chuyện ấy và chia thành những chặng nhỏ để bắt đầu làm truyện tranh. Tớ chờ các cậu! Bái bai!","[excited] Bây giờ đến lượt các cậu. [deliberate] Lấy thẻ nhân vật ra, nhìn lại Hồ sơ rồi kể một câu chuyện bằng miệng. [emphasized] Nhớ đủ ba cổng: Bình thường – Có chuyện – Giải quyết. [calm] Ghi âm lại, nghe một lần và kiểm tra xem mình có bỏ quên cổng nào không. [encouraging] Nếu thiếu, kể lại lần nữa.
[emphasized] Và nhớ nhé: Bình thường – Có chuyện – Giải quyết. [warm] Ba cổng này sẽ giúp những việc bình thường biến thành một câu chuyện có đầu, có giữa và có kết thúc.
[cheerful] Buổi sau, chúng mình sẽ lấy chính câu chuyện ấy và chia thành những chặng nhỏ để bắt đầu làm truyện tranh. [warm] Tớ chờ các cậu! Bái bai!","Mèo AKI chia sẻ  diễn hoạt bảng trắng + 1 mình, Popup Text",,,
,,,,,,,,
Bài 4.2 — 04 CHẶNG THỬ THÁCH,,,,,,,,
1.2,1. INTRO,0:00–0:15,"Xưởng sáng tạo Ây Ai Kít mở cửa rồi! Xin chào các cậu, lại là tớ đây, chú mèo máy thông minh nhì quả đất này. Hôm nay mình đến với bài 4.2: Bốn chặng thử thách. Lấy Hồ sơ nhân vật ra để trước mặt nhé, vì hôm nay chúng mình sẽ biến câu chuyện của buổi trước thành một cái khung thật rõ ràng.","[excited] Xưởng sáng tạo Ây Ai Kít mở cửa rồi! [cheerful] Xin chào các cậu, lại là tớ đây, chú mèo máy thông minh nhì quả đất này. [curious] Hôm nay mình đến với bài 4.2: Bốn chặng thử thách. [encouraging] Lấy Hồ sơ nhân vật ra để trước mặt nhé, vì hôm nay chúng mình sẽ biến câu chuyện của buổi trước thành một cái khung thật rõ ràng.","Intro Mèo AIKI mở cửa, và  bắt đầu chia sẻ, có POP UP Text",,,
,2. TÌNH HUỐNG,0:15–0:50,"Hôm qua Lala viết chuyện cho Bơ thế này: “Bơ muốn tìm chiếc huy hiệu bị mất. Bơ đi tìm. Bơ tìm thấy ngay. Hết.” Ơ... nhanh quá! Tớ còn chưa kịp lo cho Bơ thì câu chuyện đã xong rồi. Vì từ đầu đến cuối, chẳng có gì làm khó bạn ấy cả. Một câu chuyện mà nhân vật muốn gì cũng có ngay thì giống như chơi trò chơi mà vừa vào đã thắng. Chán lắm!","[cheerful] Hôm qua Lala viết chuyện cho Bơ thế này: [deliberate] “Bơ muốn tìm chiếc huy hiệu bị mất. Bơ đi tìm. Bơ tìm thấy ngay. Hết.” [surprised] Ơ... nhanh quá! [confused] Tớ còn chưa kịp lo cho Bơ thì câu chuyện đã xong rồi. [thoughtful] Vì từ đầu đến cuối, chẳng có gì làm khó bạn ấy cả. [playful] Một câu chuyện mà nhân vật muốn gì cũng có ngay thì giống như chơi trò chơi mà vừa vào đã thắng. [disappointed] Chán lắm!", Tình huống,,,
,3. XEM MẪU + DẠY 1 KỸ NĂNG,0:50–2:00,"Vậy hôm nay, tớ sẽ chỉ cho các cậu, để câu chuyện hay hơn, chúng mình sẽ cùng nhau đi qua BỐN CHẶNG. Chặng một: MUỐN - Nhân vật đang muốn làm gì hoặc tìm thứ gì? Chặng hai: CẢN - Có điều gì khiến việc đó trở nên khó khăn? Chặng ba: LÀM - Nhân vật thử làm gì để vượt qua? Chặng bốn: KẾT - Cuối cùng chuyện thế nào? Nhớ nhé: MUỐN - CẢN - LÀM - KẾT

Trong bốn chặng, CẢN là chặng rất quan trọng. Và các cậu đã có sẵn một nơi để tìm rồi: Hồ sơ nhân vật. Hãy nhìn vào ô SỢ hoặc DỞ. Ví dụ Bơ rất sợ tiếng sấm. Nếu chiếc huy hiệu chỉ nằm dưới gầm bàn thì dễ quá. Nhưng nếu Bơ phát hiện nó ở ngoài sân đúng lúc trời bắt đầu có sấm thì sao? À, bây giờ câu chuyện mới thật sự là chuyện của Bơ","[excited] Vậy hôm nay, tớ sẽ chỉ cho các cậu, để câu chuyện hay hơn, chúng mình sẽ cùng nhau đi qua BỐN CHẶNG. [deliberate] Chặng một: MUỐN - Nhân vật đang muốn làm gì hoặc tìm thứ gì? [curious] Chặng hai: CẢN - Có điều gì khiến việc đó trở nên khó khăn? [determined] Chặng ba: LÀM - Nhân vật thử làm gì để vượt qua? [thoughtful] Chặng bốn: KẾT - Cuối cùng chuyện thế nào? [emphasized] Nhớ nhé: MUỐN - CẢN - LÀM - KẾT

[serious] Trong bốn chặng, CẢN là chặng rất quan trọng. [playful] Và các cậu đã có sẵn một nơi để tìm rồi: Hồ sơ nhân vật. [deliberate] Hãy nhìn vào ô SỢ hoặc DỞ. [worried] Ví dụ Bơ rất sợ tiếng sấm. [calm] Nếu chiếc huy hiệu chỉ nằm dưới gầm bàn thì dễ quá. [dramatic] Nhưng nếu Bơ phát hiện nó ở ngoài sân đúng lúc trời bắt đầu có sấm thì sao? [excited] À, bây giờ câu chuyện mới thật sự là chuyện của Bơ","Mèo AKI chia sẻ, diễn hoạt bảng trắng",,,
,4. LÀM CÙNG,2:00–4:00,"Tớ làm thử nhé. MUỐN: Bơ muốn lấy lại chiếc huy hiệu yêu thích. CẢN: huy hiệu nằm ngoài sân, mà trời đang nổi sấm — thứ Bơ sợ nhất. LÀM: Bơ đứng ở cửa một lúc, rồi lấy chiếc ô lớn, vừa che đầu vừa chạy thật nhanh ra sân. KẾT ra sao: Bơ lấy lại được huy hiệu. Bạn ấy vẫn còn sợ tiếng sấm, nhưng lần này đã dám bước ra ngoài. Đấy! Chỉ bốn dòng thôi mà mình đã biết chuyện sẽ đi đâu rồi.","[playful] Tớ làm thử nhé. [deliberate] MUỐN: Bơ muốn lấy lại chiếc huy hiệu yêu thích. [worried] CẢN: huy hiệu nằm ngoài sân, mà trời đang nổi sấm — thứ Bơ sợ nhất. [determined] LÀM: Bơ đứng ở cửa một lúc, rồi lấy chiếc ô lớn, vừa che đầu vừa chạy thật nhanh ra sân. [proud] KẾT ra sao: Bơ lấy lại được huy hiệu. [warm] Bạn ấy vẫn còn sợ tiếng sấm, nhưng lần này đã dám bước ra ngoài. [cheerful] Đấy! Chỉ bốn dòng thôi mà mình đã biết chuyện sẽ đi đâu rồi.","Mèo AKI chia sẻ, diễn hoạt bảng trắng",,,
,5. THỬ THÁCH + CHỐT + OUTRO,4:00–5:30,"Bây giờ đến lượt các cậu. Mở Hồ sơ nhân vật và viết bốn dòng: Bạn ấy muốn gì? Điều gì cản lại? Bạn ấy làm cách nào? Cuối cùng ra sao? Nếu chưa nghĩ được “CẢN”, thử nhìn vào ô Sợ hoặc Dở xem có dùng được không. Viết xong, đọc to cả bốn dòng một lần. Nếu chỗ nào nghe quá dễ hoặc quá nhanh, hãy thử làm cho thử thách khó hơn một chút.

Và nhớ câu hôm nay nhé: MUỐN - CẢN - LÀM - KẾT. Bốn chặng này chính là bộ xương để buổi sau chúng mình bắt đầu chia câu chuyện thành từng khung truyện. Tớ chờ các cậu! Bái bai!","[excited] Bây giờ đến lượt các cậu. [deliberate] Mở Hồ sơ nhân vật và viết bốn dòng: [curious] Bạn ấy muốn gì? Điều gì cản lại? Bạn ấy làm cách nào? Cuối cùng ra sao? [encouraging] Nếu chưa nghĩ được “CẢN”, thử nhìn vào ô Sợ hoặc Dở xem có dùng được không. [calm] Viết xong, đọc to cả bốn dòng một lần. [playful] Nếu chỗ nào nghe quá dễ hoặc quá nhanh, hãy thử làm cho thử thách khó hơn một chút.

[emphasized] Và nhớ câu hôm nay nhé: MUỐN - CẢN - LÀM - KẾT. [warm] Bốn chặng này chính là bộ xương để buổi sau chúng mình bắt đầu chia câu chuyện thành từng khung truyện. [cheerful] Tớ chờ các cậu! Bái bai!","Mèo AKI chia sẻ  diễn hoạt bảng trắng + 1 mình, Popup Text",,,
,,,,,,,,
Bài 4.3 — BẢN ĐỒ 8 Ô - P1: MỞ,,,,,,,,
1.3,1. INTRO,0:00–0:15,"Xưởng sáng tạo Ây Ai Kít mở cửa rồi! Xin chào các cậu, lại là tớ đây, chú mèo máy thông minh nhì quả đất này. Hôm nay mình đến với bài 4.3: Bản đồ tám ô – Phần một. Chuẩn bị một tờ giấy và một cây bút chì nhé. Hôm nay mình chưa cần tạo hình đẹp đâu, mình sẽ vẽ trước đường đi của câu chuyện.","[excited] Xưởng sáng tạo Ây Ai Kít mở cửa rồi! [cheerful] Xin chào các cậu, lại là tớ đây, chú mèo máy thông minh nhì quả đất này. [curious] Hôm nay mình đến với bài 4.3: Bản đồ tám ô – Phần một. [deliberate] Chuẩn bị một tờ giấy và một cây bút chì nhé. [calm] Hôm nay mình chưa cần tạo hình đẹp đâu, mình sẽ vẽ trước đường đi của câu chuyện.","Intro Mèo AIKI mở cửa, và  bắt đầu chia sẻ, có POP UP Text",,,
,2. TÌNH HUỐNG,0:15–0:50,"Hôm qua Nina sốt ruột quá nên tạo luôn tám bức cho câu chuyện của Mít. Bức nào cũng đẹp. Nhưng khi xếp tám bức cạnh nhau thì... ơ? Có hai bức Mít đang chạy giống hệt nhau, rồi tự nhiên từ đang tìm đồ nhảy thẳng sang tìm thấy. Nina đưa cho mấy người xem thử, mỗi người lại kể ra một câu chuyện khác nhau. Tám bức rất đẹp, nhưng câu chuyện thì chẳng ai hiểu. Nina đã quên một bước quan trọng: lên bản đồ trước khi tạo hình.","[cheerful] Hôm qua Nina sốt ruột quá nên tạo luôn tám bức cho câu chuyện của Mít. [proud] Bức nào cũng đẹp. [confused] Nhưng khi xếp tám bức cạnh nhau thì... ơ? [surprised] Có hai bức Mít đang chạy giống hệt nhau, rồi tự nhiên từ đang tìm đồ nhảy thẳng sang tìm thấy. [thoughtful] Nina đưa cho mấy người xem thử, mỗi người lại kể ra một câu chuyện khác nhau. [disappointed] Tám bức rất đẹp, nhưng câu chuyện thì chẳng ai hiểu. [serious] Nina đã quên một bước quan trọng: lên bản đồ trước khi tạo hình.", Tình huống,,,
,3. XEM MẪU + DẠY 1 KỸ NĂNG,0:50–2:00,"Cách làm rất đơn giản. Lấy một tờ giấy, chia thành tám ô rồi vẽ nhanh bằng hình que. Đầu tròn, người một nét, tay chân vài nét là đủ. Tờ giấy này gọi là STORYBOARD, tức là bản nháp để mình nhìn được cả câu chuyện trước khi làm tranh thật. Nó không cần đẹp, chỉ cần các cậu nhìn vào và hiểu chuyện gì đang xảy ra.

Nhớ bốn chặng hôm trước không? MUỐN – CẢN – LÀM – KẾT. Hôm nay mình sẽ kéo bốn chặng ấy ra thành tám ô. Và có một luật rất dễ nhớ: MỘT Ô – MỘT VIỆC. Đừng nhét quá nhiều việc vào một ô, cũng đừng vẽ hai ô giống hệt nhau. Nhìn từ ô một đến ô tám, câu chuyện phải tiến lên từng bước.","[calm] Cách làm rất đơn giản. [deliberate] Lấy một tờ giấy, chia thành tám ô rồi vẽ nhanh bằng hình que. [playful] Đầu tròn, người một nét, tay chân vài nét là đủ. [emphasized] Tờ giấy này gọi là STORYBOARD, tức là bản nháp để mình nhìn được cả câu chuyện trước khi làm tranh thật. [gentle] Nó không cần đẹp, chỉ cần các cậu nhìn vào và hiểu chuyện gì đang xảy ra.

[curious] Nhớ bốn chặng hôm trước không? MUỐN – CẢN – LÀM – KẾT. [excited] Hôm nay mình sẽ kéo bốn chặng ấy ra thành tám ô. [emphasized] Và có một luật rất dễ nhớ: MỘT Ô – MỘT VIỆC. [serious] Đừng nhét quá nhiều việc vào một ô, cũng đừng vẽ hai ô giống hệt nhau. [encouraging] Nhìn từ ô một đến ô tám, câu chuyện phải tiến lên từng bước.","Mèo AKI chia sẻ, diễn hoạt bảng trắng",,,
,4. LÀM CÙNG,2:00–4:00,"Tớ làm thử nhé. Câu chuyện của Mít là tìm chiếc máy bay giấy bị gió cuốn mất. Ô một: Mít đang chơi máy bay giấy. Ô hai: một cơn gió mạnh thổi tới. Ô ba: máy bay bay qua hàng rào. Ô bốn: Mít chạy đi tìm. Ô năm: Mít nhìn thấy máy bay mắc trên một cành cây cao. Ô sáu: Mít thử nhảy lên lấy nhưng không tới. Ô bảy: Mít dùng một cây gậy dài khều xuống. Ô tám: Mít lấy lại được máy bay và vui vẻ mang về. Đấy, tám ô, tám việc khác nhau. Chưa cần đẹp mà đã nhìn ra cả câu chuyện rồi.","[playful] Tớ làm thử nhé. [cheerful] Câu chuyện của Mít là tìm chiếc máy bay giấy bị gió cuốn mất. [deliberate] Ô một: Mít đang chơi máy bay giấy. [surprised] Ô hai: một cơn gió mạnh thổi tới. [dramatic] Ô ba: máy bay bay qua hàng rào. [determined] Ô bốn: Mít chạy đi tìm. [curious] Ô năm: Mít nhìn thấy máy bay mắc trên một cành cây cao. [worried] Ô sáu: Mít thử nhảy lên lấy nhưng không tới. [thoughtful] Ô bảy: Mít dùng một cây gậy dài khều xuống. [proud] Ô tám: Mít lấy lại được máy bay và vui vẻ mang về. [cheerful] Đấy, tám ô, tám việc khác nhau. Chưa cần đẹp mà đã nhìn ra cả câu chuyện rồi.","Mèo AKI chia sẻ, diễn hoạt bảng trắng",,,
,5. THỬ THÁCH + CHỐT + OUTRO,4:00–5:30,"Bây giờ đến lượt các cậu. Lấy câu chuyện MUỐN – CẢN – LÀM – KẾT của buổi trước và chia nó thành tám ô. Vẽ hình que thật nhanh, rồi dưới mỗi ô viết một câu ngắn xem chuyện gì đang xảy ra. Xong xuôi, nhìn lại và kiểm tra: Có ô nào bị trùng không? Có đoạn nào đang nhảy quá nhanh không? Nhìn tám ô có hiểu được câu chuyện không? Nếu chưa, sửa ngay trên giấy. Gạch đi, vẽ lại thoải mái nhé — đây chính là lúc để sửa.

Và nhớ câu hôm nay: Một ô – một việc. Storyboard càng rõ thì lúc tạo tranh thật càng dễ. Buổi sau, chúng mình sẽ dùng chính bản đồ tám ô này để bắt đầu biến từng ô thành những khung truyện thật sự. Tớ chờ các cậu! Bái bai!","[excited] Bây giờ đến lượt các cậu. [deliberate] Lấy câu chuyện MUỐN – CẢN – LÀM – KẾT của buổi trước và chia nó thành tám ô. [playful] Vẽ hình que thật nhanh, rồi dưới mỗi ô viết một câu ngắn xem chuyện gì đang xảy ra. [curious] Xong xuôi, nhìn lại và kiểm tra: Có ô nào bị trùng không? Có đoạn nào đang nhảy quá nhanh không? [thoughtful] Nhìn tám ô có hiểu được câu chuyện không? [encouraging] Nếu chưa, sửa ngay trên giấy. [gentle] Gạch đi, vẽ lại thoải mái nhé — đây chính là lúc để sửa.

[emphasized] Và nhớ câu hôm nay: Một ô – một việc. [calm] Storyboard càng rõ thì lúc tạo tranh thật càng dễ. [cheerful] Buổi sau, chúng mình sẽ dùng chính bản đồ tám ô này để bắt đầu biến từng ô thành những khung truyện thật sự. [warm] Tớ chờ các cậu! Bái bai!","Mèo AKI chia sẻ  diễn hoạt bảng trắng + 1 mình, Popup Text",,,
,,,,,,,,
Bài 4.4 — BẢN ĐỒ 8 Ô - P2: KHOÁ,,,,,,,,
1.3,1. INTRO,0:00–0:15,"Xưởng sáng tạo Ây Ai Kít mở cửa rồi! Xin chào các cậu, lại là tớ đây, chú mèo máy thông minh nhì quả đất này. Hôm nay mình đến với bài 4.4: Bản đồ tám ô – Phần hai. Nút tạo hình mở rồi! Nhưng nhớ để hai thứ ngay cạnh nhé: Storyboard tám ô và Luật vẽ nhân vật. Để cho tiện, những thứ này các cậu có thể lưu phần Ghi chú của máy hoặc ở đâu đó trên điện thoại, hoặc máy tính nha. Hôm nay chúng mình sẽ biến tám ô vẽ tay thành tám khung truyện thật.","[excited] Xưởng sáng tạo Ây Ai Kít mở cửa rồi! [cheerful] Xin chào các cậu, lại là tớ đây, chú mèo máy thông minh nhì quả đất này. [curious] Hôm nay mình đến với bài 4.4: Bản đồ tám ô – Phần hai. [excited] Nút tạo hình mở rồi! [serious] Nhưng nhớ để hai thứ ngay cạnh nhé: Storyboard tám ô và Luật vẽ nhân vật. [calm] Để cho tiện, những thứ này các cậu có thể lưu phần Ghi chú của máy hoặc ở đâu đó trên điện thoại, hoặc máy tính nha. [determined] Hôm nay chúng mình sẽ biến tám ô vẽ tay thành tám khung truyện thật.","Intro Mèo AIKI mở cửa, và  bắt đầu chia sẻ, có POP UP Text",,,
,2. TÌNH HUỐNG,0:15–0:50,"Nina có storyboard của Mít rồi nên bắt đầu tạo. Khung một, ổn. Khung hai, ổn. Đến khung năm thì... ơ? Mít tự nhiên đổi áo. Khung sáu lại đổi cả kiểu tóc. Khung bảy còn chuyển sang một kiểu vẽ khác hẳn. Nina xếp tám hình cạnh nhau mà nhìn cứ như mấy câu chuyện khác nhau ghép lại. Vì storyboard chỉ giúp tớ nhớ chuyện gì xảy ra, còn Luật vẽ nhân vật mới giúp tớ nhớ Mít là ai.","[cheerful] Nina có storyboard của Mít rồi nên bắt đầu tạo. [calm] Khung một, ổn. Khung hai, ổn. [surprised] Đến khung năm thì... ơ? Mít tự nhiên đổi áo. [confused] Khung sáu lại đổi cả kiểu tóc. [worried] Khung bảy còn chuyển sang một kiểu vẽ khác hẳn. [disappointed] Nina xếp tám hình cạnh nhau mà nhìn cứ như mấy câu chuyện khác nhau ghép lại. [thoughtful] Vì storyboard chỉ giúp tớ nhớ chuyện gì xảy ra, còn Luật vẽ nhân vật mới giúp tớ nhớ Mít là ai.", Tình huống,,,
,3. XEM MẪU + DẠY 1 KỸ NĂNG,0:50–2:00,"Vậy hôm nay, mỗi khung cần giữ ba thứ. Một: đúng nhân vật — dùng ảnh mẫu và giữ các đặc điểm trong Luật vẽ. Hai: đúng việc — nhìn vào storyboard xem ô đó đang xảy ra chuyện gì. Ba: đúng phong cách — nếu khung đầu là truyện tranh nét rõ, màu phẳng thì cả tám khung đều giữ như vậy. Nhớ nhé: Đúng người – Đúng việc – Đúng kiểu.","[serious] Vậy hôm nay, mỗi khung cần giữ ba thứ. [deliberate] Một: đúng nhân vật — dùng ảnh mẫu và giữ các đặc điểm trong Luật vẽ. [calm] Hai: đúng việc — nhìn vào storyboard xem ô đó đang xảy ra chuyện gì. [thoughtful] Ba: đúng phong cách — nếu khung đầu là truyện tranh nét rõ, màu phẳng thì cả tám khung đều giữ như vậy. [emphasized] Nhớ nhé: Đúng người – Đúng việc – Đúng kiểu.","Mèo AKI chia sẻ, diễn hoạt bảng trắng",,,
,4. LÀM CÙNG,2:00–4:00,"Tớ làm thử một khung trong chuyện của Mít nhé. Storyboard ghi: “Mít nhìn thấy chiếc máy bay giấy mắc trên cành cây.” Tớ đính kèm ảnh mẫu của Mít, nhắc lại các đặc điểm nhận diện, rồi tả đúng việc trong ô: Mít đứng dưới gốc cây, ngẩng lên nhìn chiếc máy bay giấy mắc trên cành cao. Cuối cùng, tớ thêm phong cách chung của cả bộ. Tạo xong, tớ đặt khung mới cạnh khung trước để kiểm tra. Mít vẫn đúng bạn ấy, việc cũng đúng storyboard, phong cách không bị lệch. Duyệt!","[playful] Tớ làm thử một khung trong chuyện của Mít nhé. [calm] Storyboard ghi: “Mít nhìn thấy chiếc máy bay giấy mắc trên cành cây.” [deliberate] Tớ đính kèm ảnh mẫu của Mít, nhắc lại các đặc điểm nhận diện, rồi tả đúng việc trong ô: Mít đứng dưới gốc cây, ngẩng lên nhìn chiếc máy bay giấy mắc trên cành cao. [thoughtful] Cuối cùng, tớ thêm phong cách chung của cả bộ. [curious] Tạo xong, tớ đặt khung mới cạnh khung trước để kiểm tra. [relieved] Mít vẫn đúng bạn ấy, việc cũng đúng storyboard, phong cách không bị lệch. [proud] Duyệt!","Mèo AKI chia sẻ, diễn hoạt bảng trắng",,,
,5. THỬ THÁCH + CHỐT + OUTRO,4:00–5:30,"Bây giờ đến lượt các cậu. Làm lần lượt từ ô một đến ô tám. Trước mỗi khung, hãy nhìn storyboard chứ đừng nghĩ lại câu chuyện từ đầu. Sau mỗi khung, kiểm tra ngay: nhân vật có bị đổi không? Việc có đúng ô không? Phong cách có giống các khung trước không? Nếu có gì sai, sửa câu lệnh rồi mới tạo lại.
Có một mẹo nhỏ nhé: xong khung nào, đặt ngay cạnh khung trước để soi. Đừng chờ làm đủ tám khung mới kiểm tra. Nếu phát hiện sớm một chiếc áo đổi màu hay một khung vẽ sai kiểu, sửa sẽ nhanh hơn nhiều.
Cuối cùng, xếp cả tám khung theo đúng thứ tự và lướt từ đầu đến cuối. Nếu nhìn vào vẫn nhận ra Mít trong mọi khung và hiểu được chuyện chiếc máy bay giấy bị gió cuốn đi rồi được lấy lại, truyện của các cậu đã chạy được rồi.
Và nhớ câu hôm nay: Đúng người – Đúng việc – Đúng kiểu. Storyboard chỉ đường cho câu chuyện, còn Ảnh mẫu và Luật vẽ giúp nhân vật đi hết câu chuyện mà vẫn là chính mình.
Buổi sau là bài cuối của chương. Chúng mình sẽ thêm lời thoại, hoàn thiện từng trang và biến tám khung này thành một cuốn truyện tranh thật sự. Tớ chờ các cậu! Bái bai!","[excited] Bây giờ đến lượt các cậu. [deliberate] Làm lần lượt từ ô một đến ô tám. [serious] Trước mỗi khung, hãy nhìn storyboard chứ đừng nghĩ lại câu chuyện từ đầu. [curious] Sau mỗi khung, kiểm tra ngay: nhân vật có bị đổi không? Việc có đúng ô không? Phong cách có giống các khung trước không? [encouraging] Nếu có gì sai, sửa câu lệnh rồi mới tạo lại.
[mischievous] Có một mẹo nhỏ nhé: xong khung nào, đặt ngay cạnh khung trước để soi. [serious] Đừng chờ làm đủ tám khung mới kiểm tra. [calm] Nếu phát hiện sớm một chiếc áo đổi màu hay một khung vẽ sai kiểu, sửa sẽ nhanh hơn nhiều.
[deliberate] Cuối cùng, xếp cả tám khung theo đúng thứ tự và lướt từ đầu đến cuối. [proud] Nếu nhìn vào vẫn nhận ra Mít trong mọi khung và hiểu được chuyện chiếc máy bay giấy bị gió cuốn đi rồi được lấy lại, truyện của các cậu đã chạy được rồi.
[emphasized] Và nhớ câu hôm nay: Đúng người – Đúng việc – Đúng kiểu. [warm] Storyboard chỉ đường cho câu chuyện, còn Ảnh mẫu và Luật vẽ giúp nhân vật đi hết câu chuyện mà vẫn là chính mình.
[cheerful] Buổi sau là bài cuối của chương. [excited] Chúng mình sẽ thêm lời thoại, hoàn thiện từng trang và biến tám khung này thành một cuốn truyện tranh thật sự. [warm] Tớ chờ các cậu! Bái bai!","Mèo AKI chia sẻ  diễn hoạt bảng trắng + 1 mình, Popup Text",,,
,,,,,,,,
Bài 4.5 — VƯƠNG MIỆN HOÀN HẢO,,,,,,,,
1.4,1. INTRO,0:00–0:15,"Xưởng sáng tạo Ây Ai Kít mở cửa rồi! Xin chào các cậu, lại là tớ đây, chú mèo máy thông minh nhì quả đất này. Hôm nay là bài cuối của Vương quốc Truyện tranh AI: Vương miện hoàn hảo. Tám khung truyện đã có rồi. Hôm nay chúng mình sẽ thêm lời thoại, đặt tên, làm bìa và biến chúng thành một cuốn truyện hoàn chỉnh của riêng các cậu.","[excited] Xưởng sáng tạo Ây Ai Kít mở cửa rồi! [cheerful] Xin chào các cậu, lại là tớ đây, chú mèo máy thông minh nhì quả đất này. [proud] Hôm nay là bài cuối của Vương quốc Truyện tranh AI: Vương miện hoàn hảo. [amazed] Tám khung truyện đã có rồi. [excited] Hôm nay chúng mình sẽ thêm lời thoại, đặt tên, làm bìa và biến chúng thành một cuốn truyện hoàn chỉnh của riêng các cậu.","Intro Mèo AIKI mở cửa, và  bắt đầu chia sẻ, có POP UP Text",,,
,2. TÌNH HUỐNG,0:15–0:50,"Hôm trước Mika xếp đủ tám khung rồi bảo: “AKI, viết lời thoại hộ tớ nhé!” Dễ thôi! Tớ viết một loạt câu thật nhanh. Lumi gặp chuyện cũng nói “Tuyệt quá!”, lúc lo lắng cũng “Tuyệt quá!”, đến một đồ vật trong tranh tớ cũng suýt cho nói luôn. Mika đọc xong nhìn tớ: “AKI... đây là truyện của ai vậy?” Ờ nhỉ. Tớ nhìn được hình, nhưng tớ đâu biết chính xác Lumi đang nghĩ gì. Phần đó phải do người kể chuyện quyết định.","[cheerful] Hôm trước Mika xếp đủ tám khung rồi bảo: “AKI, viết lời thoại hộ tớ nhé!” [playful] Dễ thôi! [excited] Tớ viết một loạt câu thật nhanh. [confused] Lumi gặp chuyện cũng nói “Tuyệt quá!”, lúc lo lắng cũng “Tuyệt quá!”, đến một đồ vật trong tranh tớ cũng suýt cho nói luôn. [surprised] Mika đọc xong nhìn tớ: “AKI... đây là truyện của ai vậy?” [sighs] Ờ nhỉ. [thoughtful] Tớ nhìn được hình, nhưng tớ đâu biết chính xác Lumi đang nghĩ gì. [serious] Phần đó phải do người kể chuyện quyết định.", Tình huống,,,
,3. XEM MẪU + DẠY 1 KỸ NĂNG,0:50–2:00,"Vì vậy, hôm nay các cậu sẽ tự viết lời thoại. Không cần nhiều đâu. Hãy nhìn từng khung và hỏi: “Lúc này nhân vật thật sự muốn nói gì?” Viết thật ngắn, giống cách mình nói ngoài đời. Mỗi khung chỉ nên có tối đa hai bong bóng thoại, để chữ không che mất hình. Viết xong nhớ đọc thành tiếng. Nếu đọc lên nghe dài hoặc không giống nhân vật của mình, hãy rút lại.

Ví dụ Lumi vừa nhìn thấy món đồ mình tìm kiếm. Tớ có thể viết bốn câu: “Kia rồi! Mình tìm thấy rồi! Nhưng xa quá! Làm sao lấy xuống đây?” Nhiều quá, chữ che gần hết tranh. Tớ rút còn: “Kia rồi!” và “Nhưng... làm sao lấy xuống đây?” Ít chữ hơn nhưng mình vẫn hiểu Lumi đang vui rồi lại lo. Nhớ nhé: tranh đã kể được thì không cần chữ kể lại lần nữa.

Xong lời thoại thì đến tên truyện. Luật này các cậu từng học rồi: tên hay nên gợi thêm một chút chuyện, chứ đừng chỉ nói thứ mình đã nhìn thấy. “Truyện của Lumi” thì đúng nhưng chưa hấp dẫn lắm. Một cái tên như “Có gì đó mắc lại trên cành cây!” sẽ khiến người ta tò mò: thứ gì mắc ở đó? Và chuyện gì đã xảy ra?","[encouraging] Vì vậy, hôm nay các cậu sẽ tự viết lời thoại. [calm] Không cần nhiều đâu. [curious] Hãy nhìn từng khung và hỏi: “Lúc này nhân vật thật sự muốn nói gì?” [gentle] Viết thật ngắn, giống cách mình nói ngoài đời. [deliberate] Mỗi khung chỉ nên có tối đa hai bong bóng thoại, để chữ không che mất hình. [encouraging] Viết xong nhớ đọc thành tiếng. Nếu đọc lên nghe dài hoặc không giống nhân vật của mình, hãy rút lại.

[playful] Ví dụ Lumi vừa nhìn thấy món đồ mình tìm kiếm. [deliberate] Tớ có thể viết bốn câu: “Kia rồi! Mình tìm thấy rồi! Nhưng xa quá! Làm sao lấy xuống đây?” [worried] Nhiều quá, chữ che gần hết tranh. [calm] Tớ rút còn: “Kia rồi!” và “Nhưng... làm sao lấy xuống đây?” [proud] Ít chữ hơn nhưng mình vẫn hiểu Lumi đang vui rồi lại lo. [emphasized] Nhớ nhé: tranh đã kể được thì không cần chữ kể lại lần nữa.

[cheerful] Xong lời thoại thì đến tên truyện. [calm] Luật này các cậu từng học rồi: tên hay nên gợi thêm một chút chuyện, chứ đừng chỉ nói thứ mình đã nhìn thấy. [thoughtful] “Truyện của Lumi” thì đúng nhưng chưa hấp dẫn lắm. [excited] Một cái tên như “Có gì đó mắc lại trên cành cây!” sẽ khiến người ta tò mò: thứ gì mắc ở đó? [curious] Và chuyện gì đã xảy ra?","Mèo AKI chia sẻ, diễn hoạt bảng trắng",,,
,4. THỬ THÁCH + CHỐT + OUTRO,4:00–5:30,"Bây giờ đến lượt các cậu hoàn thiện cuốn truyện. Viết lời thoại cho tám khung, tối đa hai bong bóng mỗi khung. Đọc to toàn bộ một lượt rồi sửa những câu còn dài. Sau đó đặt tên truyện, làm bìa có tên truyện, nhân vật chính và tên tác giả là chính các cậu. Cuối cùng, ghép tám khung đúng thứ tự để thành cuốn truyện hoàn chỉnh.

Và nhớ câu quan trọng nhất của cả chương nhé: Tớ có thể giúp các cậu vẽ truyện, nhưng các cậu mới là người nghĩ ra câu chuyện. Nhân vật, chuyện gì xảy ra, nhân vật nói gì và cuốn truyện có tên gì — những phần ấy mang ý tưởng của các cậu.

Khi hoàn thành, hãy cầm cuốn truyện và đọc to cho một người trong nhà nghe. Đổi giọng cho từng nhân vật càng vui. Đó là lúc những khung hình của các cậu thật sự biến thành một câu chuyện.

Chương sau, chúng mình sẽ bước sang một thử thách mới và biến những ý tưởng của mình thành thứ có thể chơi được thật. Tớ chờ các cậu! Bái bai!","[excited] Bây giờ đến lượt các cậu hoàn thiện cuốn truyện. [deliberate] Viết lời thoại cho tám khung, tối đa hai bong bóng mỗi khung. [calm] Đọc to toàn bộ một lượt rồi sửa những câu còn dài. [cheerful] Sau đó đặt tên truyện, làm bìa có tên truyện, nhân vật chính và tên tác giả là chính các cậu. [determined] Cuối cùng, ghép tám khung đúng thứ tự để thành cuốn truyện hoàn chỉnh.

[serious] Và nhớ câu quan trọng nhất của cả chương nhé: [emphasized] Tớ có thể giúp các cậu vẽ truyện, nhưng các cậu mới là người nghĩ ra câu chuyện. [warm] Nhân vật, chuyện gì xảy ra, nhân vật nói gì và cuốn truyện có tên gì — những phần ấy mang ý tưởng của các cậu.

[encouraging] Khi hoàn thành, hãy cầm cuốn truyện và đọc to cho một người trong nhà nghe. [playful] Đổi giọng cho từng nhân vật càng vui. [proud] Đó là lúc những khung hình của các cậu thật sự biến thành một câu chuyện.

[excited] Chương sau, chúng mình sẽ bước sang một thử thách mới và biến những ý tưởng của mình thành thứ có thể chơi được thật. [warm] Tớ chờ các cậu! Bái bai!","Mèo AKI chia sẻ  diễn hoạt bảng trắng + 1 mình, Popup Text",,,