MODULE 5 — NHÀ PHÁT MINH TRÒ CHƠI AI,,,,,,,,
"Cậu thiết kế được một bộ thẻ và một trò chơi công bằng, chơi được thật. Sản phẩm: mười hai thẻ, bàn cờ, bản luật, đã chơi ít nhất một ván với gia đình. Câu chốt: trò chơi hay là trò chơi công bằng.",,,,,,,,
,,,,,,,,
PHẦN 1 — TỔNG THỂ,,,,,,,,
Bài,Tên bài,Mục tiêu của bài,Kỹ năng trẻ học được,,Điểm chặn,Trong Xưởng thực hành,Học liệu tạo ra,Trẻ hoàn thành
6.1,Săn lùng Bộ sưu tập,Trẻ chọn được chủ đề và liệt kê đủ mười hai thứ.,"Chọn chủ đề riêng, và gỡ bí bằng cách đi hỏi đi nhìn chứ không hỏi AI.",,Phải có ô chủ đề riêng. Chỉ đưa bốn gợi ý sẵn là app đang gợi ý hộ.,"Chọn chủ đề, liệt kê mười hai thứ, đọc lại xem có cái nào trùng hay nhạt thì đổi.","Bảng mười hai dòng, là đầu vào cho hai bài sau.","Đủ mười hai thứ, cùng một họ, và chủ đề do cậu chọn chứ không phải AI gợi."
6.2,Phù phép Mặt thẻ,Trẻ thiết kế mặt thẻ và cho điểm sao cho công bằng.,Cân bằng tổng điểm ba chỉ số.,,"Chưa cân đủ mười hai lá thì bài 6.3 chưa mở. Có chế độ dễ cho lớp ba, cho sẵn ba bộ số để chọn.","Thiết kế mười hai lá gồm tên, ba chỉ số có tổng bằng nhau, và một kỹ năng riêng tự viết.",Bảng mười hai lá đã cân bằng.,"Tổng ba chỉ số của cả mười hai lá bằng nhau, và cậu tự tính hoặc tự chọn bộ số."
6.3,Khoá thẻ,Trẻ tạo được mười hai hình cùng một phong cách.,"Công thức nền chung, app tự dán vào mọi câu lệnh, cậu chỉ gõ phần riêng.",,"Sinh lại quá hai lần cho một thẻ thì chặn cứng, buộc phải sửa câu lệnh.","Viết công thức nền, tạo mười hai hình, soi cả bộ tìm lá lạc, sửa rồi ghép vào khuôn thẻ.",Mười hai thẻ in trên ba trang A4 có đường cắt.,"Cả bộ nhìn như một, không còn lá nào lạc phong cách."
6.4,Luật chơi,Trẻ viết được bộ luật rõ ràng và biết sửa nó sau khi chơi thử.,"Năm phần của một bộ luật: mấy người, ai đi trước, mỗi lượt làm gì, so thẻ thế nào, khi nào thắng.",,"Nút nhờ viết lại cho rõ chỉ mở khi ô đã có chữ của cậu. Model bị giới hạn ở mức viết lại, không thêm ý.","Viết đủ năm phần, chơi thử một ván với người nhà, ghi lại chỗ cãi nhau, sửa luật rồi in.",Bản luật chơi in ra.,"Bộ luật có chỗ đã sửa sau khi chơi thử, không phải bản viết một lần là xong."
6.5,Đấu trường khai mở,Trẻ hoàn thiện bộ game và chơi thật với gia đình.,Thiết kế bàn cờ bốn thành phần và vỏ hộp gấp được.,,Module chỉ đóng khi đã nộp clip chơi thật. Sản phẩm chỉ tính là hoàn thành khi đã chơi.,"Thiết kế bàn cờ và vỏ hộp, in, cắt, gấp, chơi một ván thật với cả nhà, quay ba mươi giây.","Bàn cờ A3, vỏ hộp gấp được, mười hai thẻ. Đây là sản phẩm Module 6.","Có clip chơi thật với người nhà, và ô đặc biệt trên bàn cờ do cậu tự nghĩ ra."
PHẦN 2 — CHI TIẾT KỊCH BẢN VIDEO,,,,,,,,
Bài 5.1 — SĂN LÙNG BỘ SƯU TẬP,,,,,,,,
1.1,1. INTRO,0:00–0:15,"Xưởng sáng tạo Ây Ai Kít mở cửa rồi! Xin chào các cậu, lại là tớ đây, chú mèo máy thông minh nhì quả đất này. Hôm nay chúng mình bước vào chương cuối: NHÀ PHÁT MINH TRÒ CHƠI AI. Bài đầu tiên có tên Săn lùng bộ sưu tập. Các cậu sẽ bắt đầu bằng việc tìm ra 12 thứ thật thú vị để làm bộ thẻ của riêng mình.","[excited] Xưởng sáng tạo Ây Ai Kít mở cửa rồi! [cheerful] Xin chào các cậu, lại là tớ đây, chú mèo máy thông minh nhì quả đất này. [proud] Hôm nay chúng mình bước vào chương cuối: NHÀ PHÁT MINH TRÒ CHƠI AI. [curious] Bài đầu tiên có tên Săn lùng bộ sưu tập. [encouraging] Các cậu sẽ bắt đầu bằng việc tìm ra 12 thứ thật thú vị để làm bộ thẻ của riêng mình.","Intro Mèo AIKI mở cửa, và  bắt đầu chia sẻ, có POP UP Text",,,
,2. TÌNH HUỐNG,0:15–1:15,"Hôm trước Nami muốn làm một bộ thẻ nhưng nghĩ mãi chẳng biết chọn gì. Bạn ấy hỏi tớ: “AKI ơi, cho tớ vài chủ đề hay đi!” Tớ đưa ra khủng long, vũ trụ, siêu anh hùng... Nami chọn khủng long. Nhưng đến ngày cả lớp mang thẻ ra đổi, ôi thôi, rất nhiều bạn cũng có khủng long. Bộ nào cũng đẹp mà nhìn cứ na ná nhau. Vì khi mình hỏi một câu quá chung chung, tớ rất dễ đưa ra những ý tưởng quen thuộc. Muốn có bộ thẻ của riêng mình, ý tưởng đầu tiên phải bắt đầu từ chính các cậu.","[calm] Hôm trước Nami muốn làm một bộ thẻ nhưng nghĩ mãi chẳng biết chọn gì. [curious] Bạn ấy hỏi tớ: “AKI ơi, cho tớ vài chủ đề hay đi!” [cheerful] Tớ đưa ra khủng long, vũ trụ, siêu anh hùng... Nami chọn khủng long. [surprised] Nhưng đến ngày cả lớp mang thẻ ra đổi, ôi thôi, rất nhiều bạn cũng có khủng long. [disappointed] Bộ nào cũng đẹp mà nhìn cứ na ná nhau. [thoughtful] Vì khi mình hỏi một câu quá chung chung, tớ rất dễ đưa ra những ý tưởng quen thuộc. [encouraging] Muốn có bộ thẻ của riêng mình, ý tưởng đầu tiên phải bắt đầu từ chính các cậu.", Tình huống,,,
,3. XEM MẪU + DẠY 1 KỸ NĂNG,1:15–3:00,"Thử một bộ khác nhé: 12 món ở hàng tạp hoá gần nhà Nami. Gói mì, lọ dầu gió, kẹp tóc, bao diêm, chai nước mắm, cây kem, hộp phấn, tờ vé số, con quay nhựa... Nghe đã thấy khác rồi đúng không? Vì đó là những thứ Nami nhìn thấy mỗi ngày. Người khác cũng có thể làm bộ thẻ về hàng tạp hoá, nhưng khó có bộ nào giống hệt của Nami.

Vậy kỹ năng hôm nay là: TÌM CHỦ ĐỀ CỦA RIÊNG MÌNH. Bí ý tưởng thì đừng ngồi nhìn màn hình mãi. Hãy đứng dậy và đi nhìn. Nhìn trong bếp, ngăn kéo của bà, góc bàn học, con ngõ trước nhà hay những món đồ trong cặp. Các cậu cũng có thể đi hỏi bố mẹ, ông bà hoặc một người bạn. Có rất nhiều ý tưởng đang ở ngay quanh mình mà trước giờ mình chưa để ý.","[playful] Thử một bộ khác nhé: 12 món ở hàng tạp hoá gần nhà Nami. [deliberate] Gói mì, lọ dầu gió, kẹp tóc, bao diêm, chai nước mắm, cây kem, hộp phấn, tờ vé số, con quay nhựa... [curious] Nghe đã thấy khác rồi đúng không? [warm] Vì đó là những thứ Nami nhìn thấy mỗi ngày. [thoughtful] Người khác cũng có thể làm bộ thẻ về hàng tạp hoá, nhưng khó có bộ nào giống hệt của Nami.

[emphasized] Vậy kỹ năng hôm nay là: TÌM CHỦ ĐỀ CỦA RIÊNG MÌNH. [encouraging] Bí ý tưởng thì đừng ngồi nhìn màn hình mãi. [determined] Hãy đứng dậy và đi nhìn. [deliberate] Nhìn trong bếp, ngăn kéo của bà, góc bàn học, con ngõ trước nhà hay những món đồ trong cặp. [cheerful] Các cậu cũng có thể đi hỏi bố mẹ, ông bà hoặc một người bạn. [warm] Có rất nhiều ý tưởng đang ở ngay quanh mình mà trước giờ mình chưa để ý.","Mèo AKI chia sẻ, diễn hoạt bảng trắng",,,
,4. LÀM CÙNG,3:00–4:00,"Tớ thử nhé. Chủ đề của tớ là 12 thứ trong căn bếp. Tớ ghi: nồi, chảo, thớt, dao, rổ, chai nước mắm, lọ muối, đũa cả, ấm nước... Khi viết xong các cậu phải kiểm tra hai lỗi. Lỗi một là TRÙNG — hai món thật ra gần như một thứ, thì phải loại ra. Lỗi hai là, ừm,  hơi NHẠT NHẼO — kiểu như món đó chẳng có gì thú vị để đưa vào trò chơi ấy. Muốn kiểm tra, hãy hỏi: “Nếu món này thành một chiếc thẻ, nó có thể làm được gì?” Ví dụ như Cái ấm nước có thể hú còi. Cái rổ có thể giữ đồ. Nếu nghĩ mãi chẳng ra gì, thử đổi sang món khác, hoặc hỏi bố mẹ, anh chị xem nhé!","[playful] Tớ thử nhé. [cheerful] Chủ đề của tớ là 12 thứ trong căn bếp. [deliberate] Tớ ghi: nồi, chảo, thớt, dao, rổ, chai nước mắm, lọ muối, đũa cả, ấm nước... [serious] Khi viết xong các cậu phải kiểm tra hai lỗi. [deliberate] Lỗi một là TRÙNG — hai món thật ra gần như một thứ, thì phải loại ra. [thoughtful] Lỗi hai là, ừm,  hơi NHẠT NHẼO — kiểu như món đó chẳng có gì thú vị để đưa vào trò chơi ấy. [curious] Muốn kiểm tra, hãy hỏi: “Nếu món này thành một chiếc thẻ, nó có thể làm được gì?” [playful] Ví dụ như Cái ấm nước có thể hú còi. Cái rổ có thể giữ đồ. [encouraging] Nếu nghĩ mãi chẳng ra gì, thử đổi sang món khác, hoặc hỏi bố mẹ, anh chị xem nhé!","Mèo AKI chia sẻ, diễn hoạt bảng trắng",,,
,5. THỬ THÁCH + CHỐT + OUTRO,4:00–5:30,"Bây giờ đến lượt các cậu. Đầu tiên, chọn một chủ đề thật gần với mình hoặc chủ đề cậu thích ơi là thích. Sau đó tìm đủ 12 thứ cùng một nhóm. Cuối cùng, đọc lại cả danh sách và kiểm tra: có món nào trùng không? Có món nào quá nhạt nhẽo không? Sửa xong thì giữ thật kỹ danh sách này nhé, vì những bài sau chúng mình sẽ biến từng món thành những chiếc thẻ thật sự.

Và nhớ câu hôm nay: Bí thì đi nhìn, đi hỏi, rồi mới nhờ AKI giúp. Ý tưởng ở quanh các cậu nhiều hơn các cậu nghĩ đấy.

Buổi sau, chúng mình sẽ bắt đầu phù phép mặt thẻ, để 12 thứ bình thường này biến thành một bộ thẻ có thể chơi được. Tớ chờ các cậu! Bái bai!","[encouraging] Bây giờ đến lượt các cậu. [deliberate] Đầu tiên, chọn một chủ đề thật gần với mình hoặc chủ đề cậu thích ơi là thích. [calm] Sau đó tìm đủ 12 thứ cùng một nhóm. [serious] Cuối cùng, đọc lại cả danh sách và kiểm tra: có món nào trùng không? Có món nào quá nhạt nhẽo không? [warm] Sửa xong thì giữ thật kỹ danh sách này nhé, vì những bài sau chúng mình sẽ biến từng món thành những chiếc thẻ thật sự.

[emphasized] Và nhớ câu hôm nay: Bí thì đi nhìn, đi hỏi, rồi mới nhờ AKI giúp. [warm] Ý tưởng ở quanh các cậu nhiều hơn các cậu nghĩ đấy.

[excited] Buổi sau, chúng mình sẽ bắt đầu phù phép mặt thẻ, để 12 thứ bình thường này biến thành một bộ thẻ có thể chơi được. [cheerful] Tớ chờ các cậu! Bái bai!","Mèo AKI chia sẻ  diễn hoạt bảng trắng + 1 mình, Popup Text",,,
,,,,,,,,
Bài 5.2 — PHÙ PHÉP MẶT THẺ,,,,,,,,
1.2,1. INTRO,0:00–0:15,"Xưởng sáng tạo Ây Ai Kít mở cửa rồi! Xin chào các cậu, lại là tớ đây, chú mèo máy thông minh nhì quả đất này. Hôm nay mình đến với bài 5.2: Phù phép mặt thẻ. Lấy danh sách 12 món của buổi trước ra nhé. Hôm nay chúng mình sẽ biến mỗi món thành một chiếc thẻ có điểm mạnh, điểm yếu và kỹ năng riêng.","[excited] Xưởng sáng tạo Ây Ai Kít mở cửa rồi! [cheerful] Xin chào các cậu, lại là tớ đây, chú mèo máy thông minh nhì quả đất này. [curious] Hôm nay mình đến với bài 5.2: Phù phép mặt thẻ. [encouraging] Lấy danh sách 12 món của buổi trước ra nhé. [excited] Hôm nay chúng mình sẽ biến mỗi món thành một chiếc thẻ có điểm mạnh, điểm yếu và kỹ năng riêng.","Intro Mèo AIKI mở cửa, và  bắt đầu chia sẻ, có POP UP Text",,,
,2. TÌNH HUỐNG,0:15–0:50,"Hôm trước Kora làm một bộ thẻ rồi tổ chức thi đấu. Lá mạnh nhất có Sức 10 – Nhanh 10 – Khéo 10, còn những lá khác chỉ có một, hai điểm. Kết quả? Lá ấy thắng hết. Chơi vài ván là mọi người bỏ đi luôn, vì chưa lật bài cũng biết ai thắng rồi. Vậy trò chơi muốn vui thì các lá phải cân bằng.","[calm] Hôm trước Kora làm một bộ thẻ rồi tổ chức thi đấu. [deliberate] Lá mạnh nhất có Sức 10 – Nhanh 10 – Khéo 10, còn những lá khác chỉ có một, hai điểm. [curious] Kết quả? [surprised] Lá ấy thắng hết. [disappointed] Chơi vài ván là mọi người bỏ đi luôn, vì chưa lật bài cũng biết ai thắng rồi. [emphasized] Vậy trò chơi muốn vui thì các lá phải cân bằng.", Tình huống,,,
,3. XEM MẪU + DẠY 1 KỸ NĂNG,0:50–2:00,"Hôm nay, tớ phát cho mỗi lá đúng 12 điểm, giống như mỗi lá được nhận một túi có 12 đồng điểm. Các cậu chia 12 điểm ấy vào ba ô: SỨC – NHANH – KHÉO. Vì sao là 12? Vì 12 vừa dễ cộng, vừa chia được thành nhiều kiểu khác nhau như 8–2–2, 6–4–2, 5–5–2 hay 4–4–4. Không quan trọng phải là đúng số 12 mãi mãi, quan trọng là tất cả các lá phải có cùng một tổng điểm.
Luật rất đơn giản: mạnh chỗ này thì phải bớt chỗ khác. Ví dụ cái chảo gang rất nặng, tớ cho Sức 8 – Nhanh 2 – Khéo 2. Tổng là 12. Còn đôi đũa nhẹ và nhanh hơn, có thể là Sức 2 – Nhanh 6 – Khéo 4. Cũng bằng 12. Hai lá khác hẳn nhau, nhưng không lá nào giỏi hết mọi thứ.","[cheerful] Hôm nay, tớ phát cho mỗi lá đúng 12 điểm, giống như mỗi lá được nhận một túi có 12 đồng điểm. [deliberate] Các cậu chia 12 điểm ấy vào ba ô: SỨC – NHANH – KHÉO. [curious] Vì sao là 12? [thoughtful] Vì 12 vừa dễ cộng, vừa chia được thành nhiều kiểu khác nhau như 8–2–2, 6–4–2, 5–5–2 hay 4–4–4. [serious] Không quan trọng phải là đúng số 12 mãi mãi, quan trọng là tất cả các lá phải có cùng một tổng điểm.
[emphasized] Luật rất đơn giản: mạnh chỗ này thì phải bớt chỗ khác. [calm] Ví dụ cái chảo gang rất nặng, tớ cho Sức 8 – Nhanh 2 – Khéo 2. Tổng là 12. [cheerful] Còn đôi đũa nhẹ và nhanh hơn, có thể là Sức 2 – Nhanh 6 – Khéo 4. Cũng bằng 12. [thoughtful] Hai lá khác hẳn nhau, nhưng không lá nào giỏi hết mọi thứ.","Mèo AKI chia sẻ, diễn hoạt bảng trắng",,,
,4. LÀM CÙNG,2:00–4:00,"Tớ thử làm lá CÁI CHẢO nhé. Tớ cho Sức 9, Nhanh 4, Khéo 2. Cộng lại... 15! Ối, mọi lá chỉ có 12 đồng điểm mà cái chảo lại được tận 15. Thế là gian lận rồi. Tớ sửa thành 8 – 2 – 2. Vẫn rất khoẻ, nhưng chậm và hơi vụng. Thế mới công bằng.
Mỗi lá còn cần một kỹ năng riêng nữa. Kỹ năng nên liên quan đến chính món đồ đó. Ví dụ cái ấm nước có thể có kỹ năng: “Hú còi – đối thủ mất một lượt.” Cái rổ có thể: “Giữ đồ – bảo vệ một thẻ trong một lượt.” Phần này các cậu tự nghĩ nhé, vì đây chính là thứ làm bộ thẻ của mỗi người khác nhau.","[playful] Tớ thử làm lá CÁI CHẢO nhé. [deliberate] Tớ cho Sức 9, Nhanh 4, Khéo 2. [gasps] Cộng lại... 15! [surprised] Ối, mọi lá chỉ có 12 đồng điểm mà cái chảo lại được tận 15. [worried] Thế là gian lận rồi. [determined] Tớ sửa thành 8 – 2 – 2. [playful] Vẫn rất khoẻ, nhưng chậm và hơi vụng. [proud] Thế mới công bằng.
[cheerful] Mỗi lá còn cần một kỹ năng riêng nữa. [calm] Kỹ năng nên liên quan đến chính món đồ đó. [playful] Ví dụ cái ấm nước có thể có kỹ năng: “Hú còi – đối thủ mất một lượt.” Cái rổ có thể: “Giữ đồ – bảo vệ một thẻ trong một lượt.” [encouraging] Phần này các cậu tự nghĩ nhé, vì đây chính là thứ làm bộ thẻ của mỗi người khác nhau.","Mèo AKI chia sẻ, diễn hoạt bảng trắng",,,
,5. THỬ THÁCH + CHỐT + OUTRO,4:00–5:30,"Bây giờ đến lượt các cậu. Với từng lá, hãy ghi đủ: Tên thẻ – Sức – Nhanh – Khéo – Tổng điểm – Kỹ năng riêng. Nhớ kiểm tra: cả 12 lá đều phải có tổng bằng 12. Có lá nào mạnh hết ba ô không? Có lá nào yếu quá không? Nếu có thì chia lại điểm.
Xong rồi, hãy nhắc tớ lưu cả 12 lá vào BẢNG THIẾT KẾ BỘ THẺ. Trong bảng sẽ có tên thẻ, ba chỉ số, tổng điểm và kỹ năng riêng. Hãy chụp lại Bảng nhé, vì buổi sau chúng mình sẽ mở đúng bảng này ra để tạo hình cho từng lá.
Và nhớ câu hôm nay: Mỗi lá có cùng một túi điểm. Mạnh chỗ này thì phải bớt chỗ khác. Trò chơi hay là trò chơi mà chưa lật thẻ lên, mình vẫn chưa biết chắc ai sẽ thắng.
Buổi sau, chúng mình sẽ dùng Bảng thiết kế bộ thẻ để bắt đầu tạo hình cho cả 12 lá. Tớ chờ các cậu! Bái bai!","[encouraging] Bây giờ đến lượt các cậu. [deliberate] Với từng lá, hãy ghi đủ: Tên thẻ – Sức – Nhanh – Khéo – Tổng điểm – Kỹ năng riêng. [serious] Nhớ kiểm tra: cả 12 lá đều phải có tổng bằng 12. [curious] Có lá nào mạnh hết ba ô không? Có lá nào yếu quá không? [calm] Nếu có thì chia lại điểm.
[cheerful] Xong rồi, hãy nhắc tớ lưu cả 12 lá vào BẢNG THIẾT KẾ BỘ THẺ. [deliberate] Trong bảng sẽ có tên thẻ, ba chỉ số, tổng điểm và kỹ năng riêng. [encouraging] Hãy chụp lại Bảng nhé, vì buổi sau chúng mình sẽ mở đúng bảng này ra để tạo hình cho từng lá.
[emphasized] Và nhớ câu hôm nay: Mỗi lá có cùng một túi điểm. Mạnh chỗ này thì phải bớt chỗ khác. [thoughtful] Trò chơi hay là trò chơi mà chưa lật thẻ lên, mình vẫn chưa biết chắc ai sẽ thắng.
[excited] Buổi sau, chúng mình sẽ dùng Bảng thiết kế bộ thẻ để bắt đầu tạo hình cho cả 12 lá. [warm] Tớ chờ các cậu! Bái bai!","Mèo AKI chia sẻ  diễn hoạt bảng trắng + 1 mình, Popup Text",,,
,,,,,,,,
Bài 5.3 — KHOÁ THẺ,,,,,,,,
1.3,1. INTRO,0:00–0:15,"Xưởng sáng tạo Ây Ai Kít mở cửa rồi! Xin chào các cậu, lại là tớ đây, chú mèo máy thông minh nhì quả đất này. Hôm nay mình đến với bài 5.3: Khoá thẻ. Mở Bảng thiết kế bộ thẻ của buổi trước ra nhé. 12 cái tên, điểm số và kỹ năng đã có rồi. Hôm nay chúng mình sẽ biến chúng thành 12 chiếc thẻ thật sự.","[excited] Xưởng sáng tạo Ây Ai Kít mở cửa rồi! [cheerful] Xin chào các cậu, lại là tớ đây, chú mèo máy thông minh nhì quả đất này. [curious] Hôm nay mình đến với bài 5.3: Khoá thẻ. [encouraging] Mở Bảng thiết kế bộ thẻ của buổi trước ra nhé. [proud] 12 cái tên, điểm số và kỹ năng đã có rồi. [excited] Hôm nay chúng mình sẽ biến chúng thành 12 chiếc thẻ thật sự.","Intro Mèo AIKI mở cửa, và  bắt đầu chia sẻ, có POP UP Text",,,
,2. TÌNH HUỐNG,0:15–0:50,"Hôm trước Riko tạo liền 12 hình. Hình nào cũng đẹp. Nhưng xếp cạnh nhau thì... ơ? Lá này giống tranh màu nước, lá kia lại giống truyện tranh. Lá nền trắng, lá nền đen. Có lá nhìn ngang, có lá nhìn từ trên xuống. 12 hình đẹp nhưng cứ như thuộc 12 bộ khác nhau.","[calm] Hôm trước Riko tạo liền 12 hình. [proud] Hình nào cũng đẹp. [confused] Nhưng xếp cạnh nhau thì... ơ? [deliberate] Lá này giống tranh màu nước, lá kia lại giống truyện tranh. [surprised] Lá nền trắng, lá nền đen. Có lá nhìn ngang, có lá nhìn từ trên xuống. [disappointed] 12 hình đẹp nhưng cứ như thuộc 12 bộ khác nhau.", Tình huống,,,
,3. XEM MẪU + DẠY 1 KỸ NĂNG,0:50–2:00,"Chọn một món trong danh sách, làm thật cẩn thận cho đến khi các cậu thích: kiểu vẽ, màu nền, góc nhìn, khung viền đều ổn. Sau đó giữ bức ấy làm Ảnh mẫu của bộ thẻ. Từ lá thứ hai trở đi, mỗi lần tạo, hãy gửi kèm ảnh mẫu và nhắc tớ: “Vẽ cùng phong cách với thẻ mẫu này.”
Nhưng chỉ có ảnh mẫu vẫn chưa đủ đâu nhé. Mình còn cần một CÔNG THỨC NỀN gồm bốn thứ không đổi: PHONG CÁCH – NỀN – GÓC NHÌN – KHUNG VIỀN. Ví dụ: nét truyện tranh rõ, màu phẳng – nền vàng nhạt – nhìn ngang, đồ vật ở giữa – khung bo tròn. Ảnh mẫu để tớ nhìn thấy bộ thẻ trông như thế nào, còn công thức để tớ biết những gì không được đổi.
Còn phần riêng của từng lá thì có hai cách. Cách một, các cậu tả bằng chữ. Ví dụ: “Một cái rổ nhựa màu xanh, có quai, đan thưa.” Cách hai còn vui hơn: nếu đó là món đồ thân quen trong nhà, các cậu có thể chụp một bức ảnh của chính món đồ ấy, gửi cho tớ rồi bảo: “Vẽ lại chiếc rổ này theo đúng phong cách của thẻ mẫu.” Như vậy bộ thẻ sẽ có những món đồ thật sự thuộc về thế giới của các cậu. Nhớ chỉ chụp đồ vật rõ ràng, tránh để người hay thông tin riêng xuất hiện trong ảnh nhé.","[calm] Chọn một món trong danh sách, làm thật cẩn thận cho đến khi các cậu thích: kiểu vẽ, màu nền, góc nhìn, khung viền đều ổn. [serious] Sau đó giữ bức ấy làm Ảnh mẫu của bộ thẻ. [deliberate] Từ lá thứ hai trở đi, mỗi lần tạo, hãy gửi kèm ảnh mẫu và nhắc tớ: “Vẽ cùng phong cách với thẻ mẫu này.”
[thoughtful] Nhưng chỉ có ảnh mẫu vẫn chưa đủ đâu nhé. [emphasized] Mình còn cần một CÔNG THỨC NỀN gồm bốn thứ không đổi: PHONG CÁCH – NỀN – GÓC NHÌN – KHUNG VIỀN. [deliberate] Ví dụ: nét truyện tranh rõ, màu phẳng – nền vàng nhạt – nhìn ngang, đồ vật ở giữa – khung bo tròn. [calm] Ảnh mẫu để tớ nhìn thấy bộ thẻ trông như thế nào, còn công thức để tớ biết những gì không được đổi.
[cheerful] Còn phần riêng của từng lá thì có hai cách. [deliberate] Cách một, các cậu tả bằng chữ. Ví dụ: “Một cái rổ nhựa màu xanh, có quai, đan thưa.” [playful] Cách hai còn vui hơn: nếu đó là món đồ thân quen trong nhà, các cậu có thể chụp một bức ảnh của chính món đồ ấy, gửi cho tớ rồi bảo: “Vẽ lại chiếc rổ này theo đúng phong cách của thẻ mẫu.” [warm] Như vậy bộ thẻ sẽ có những món đồ thật sự thuộc về thế giới của các cậu. [serious] Nhớ chỉ chụp đồ vật rõ ràng, tránh để người hay thông tin riêng xuất hiện trong ảnh nhé.","Mèo AKI chia sẻ, diễn hoạt bảng trắng",,,
,4. LÀM CÙNG,2:00–4:00,"Tớ thử với lá CÁI RỔ. Tớ gửi ảnh mẫu của bộ, rồi chụp cái rổ nhà tớ và nhờ vẽ lại. Tạo xong... ơ, cái rổ lại nhìn từ trên xuống, trong khi cả bộ đều nhìn ngang. Lá lạc rồi! Tớ không bấm lại y nguyên. Tớ sửa mô tả cho rõ: “Giữ đúng phong cách thẻ mẫu. Vẽ chiếc rổ trong ảnh, nhìn ngang từ bên cạnh, đồ vật ở chính giữa.” Tạo lại. Đấy! Đặt cạnh lá mẫu là hòa ngay.","[playful] Tớ thử với lá CÁI RỔ. [calm] Tớ gửi ảnh mẫu của bộ, rồi chụp cái rổ nhà tớ và nhờ vẽ lại. [surprised] Tạo xong... ơ, cái rổ lại nhìn từ trên xuống, trong khi cả bộ đều nhìn ngang. [worried] Lá lạc rồi! [determined] Tớ không bấm lại y nguyên. [deliberate] Tớ sửa mô tả cho rõ: “Giữ đúng phong cách thẻ mẫu. Vẽ chiếc rổ trong ảnh, nhìn ngang từ bên cạnh, đồ vật ở chính giữa.” [calm] Tạo lại. [proud] Đấy! Đặt cạnh lá mẫu là hòa ngay.","Mèo AKI chia sẻ, diễn hoạt bảng trắng",,,
,5. THỬ THÁCH + CHỐT + OUTRO,4:00–5:30,"Bây giờ đến lượt các cậu. Đầu tiên, chọn một món và làm lá mẫu. Sau đó ghi lại Công thức nền. Với 11 lá còn lại, luôn gửi kèm ảnh mẫu, giữ nguyên công thức và chỉ thay phần riêng. Phần riêng có thể là câu mô tả của các cậu, hoặc một bức ảnh đồ vật thật để tớ vẽ lại.
Làm được vài lá thì đặt cạnh nhau kiểm tra luôn. Có lá nào khác kiểu vẽ không? Nền khác không? Góc nhìn khác không? Khung khác không? Nếu có, đó là lá lạc. Sửa câu lệnh rồi mới tạo lại.
Khi đủ 12 lá, xếp cả bộ ra một lượt. Các đồ vật có thể khác nhau hoàn toàn, nhưng vừa nhìn phải thấy ngay: “À, chúng thuộc cùng một bộ!”
Và nhớ câu hôm nay nhé: Ảnh mẫu giữ cả bộ cùng kiểu. Công thức nền giữ những thứ không đổi. Chỉ thay phần riêng của từng lá.
Buổi sau, chúng mình sẽ mang 12 chiếc thẻ này ra và viết Luật chơi để xem bộ thẻ có thật sự chơi được không. Tớ chờ các cậu! Bái bai!","[encouraging] Bây giờ đến lượt các cậu. [deliberate] Đầu tiên, chọn một món và làm lá mẫu. Sau đó ghi lại Công thức nền. [calm] Với 11 lá còn lại, luôn gửi kèm ảnh mẫu, giữ nguyên công thức và chỉ thay phần riêng. [cheerful] Phần riêng có thể là câu mô tả của các cậu, hoặc một bức ảnh đồ vật thật để tớ vẽ lại.
[serious] Làm được vài lá thì đặt cạnh nhau kiểm tra luôn. [curious] Có lá nào khác kiểu vẽ không? Nền khác không? Góc nhìn khác không? Khung khác không? [thoughtful] Nếu có, đó là lá lạc. Sửa câu lệnh rồi mới tạo lại.
[excited] Khi đủ 12 lá, xếp cả bộ ra một lượt. [calm] Các đồ vật có thể khác nhau hoàn toàn, nhưng vừa nhìn phải thấy ngay: “À, chúng thuộc cùng một bộ!”
[emphasized] Và nhớ câu hôm nay nhé: Ảnh mẫu giữ cả bộ cùng kiểu. Công thức nền giữ những thứ không đổi. [deliberate] Chỉ thay phần riêng của từng lá.
[excited] Buổi sau, chúng mình sẽ mang 12 chiếc thẻ này ra và viết Luật chơi để xem bộ thẻ có thật sự chơi được không. [warm] Tớ chờ các cậu! Bái bai!","Mèo AKI chia sẻ  diễn hoạt bảng trắng + 1 mình, Popup Text",,,
,,,,,,,,
Bài 5.4 — LUẬT CHƠI,,,,,,,,
1.3,1. INTRO,0:00–0:15,"Xưởng sáng tạo Ây Ai Kít mở cửa rồi! Xin chào các cậu, lại là tớ đây, chú mèo máy thông minh nhì quả đất này. Hôm nay mình đến với bài 5.4: Luật chơi. Bộ thẻ đã xong rồi, giờ chúng mình phải làm cho người khác cầm lên là biết chơi ngay.","[excited] Xưởng sáng tạo Ây Ai Kít mở cửa rồi! [cheerful] Xin chào các cậu, lại là tớ đây, chú mèo máy thông minh nhì quả đất này. [curious] Hôm nay mình đến với bài 5.4: Luật chơi. [proud] Bộ thẻ đã xong rồi, giờ chúng mình phải làm cho người khác cầm lên là biết chơi ngay.","Intro Mèo AIKI mở cửa, và  bắt đầu chia sẻ, có POP UP Text",,,
,2. TÌNH HUỐNG,0:15–0:50,"Hôm trước Tomi mang bộ thẻ ra chơi với cả nhà. Bố hỏi: “Mấy người chơi được?” Mẹ hỏi: “Ai đi trước?” Em lại hỏi: “Hai lá bằng điểm thì sao?” Tomi cứ “ơ... ừm...” mãi. Thẻ đẹp lắm, nhưng chưa ai biết chơi thế nào. Vậy hôm nay, chúng mình sẽ biến ý tưởng trong đầu thành một bộ luật thật rõ ràng.","[calm] Hôm trước Tomi mang bộ thẻ ra chơi với cả nhà. [curious] Bố hỏi: “Mấy người chơi được?” [curious] Mẹ hỏi: “Ai đi trước?” [surprised] Em lại hỏi: “Hai lá bằng điểm thì sao?” [worried] Tomi cứ “ơ... ừm...” mãi. [disappointed] Thẻ đẹp lắm, nhưng chưa ai biết chơi thế nào. [determined] Vậy hôm nay, chúng mình sẽ biến ý tưởng trong đầu thành một bộ luật thật rõ ràng.", Tình huống,,,
,3. XEM MẪU + DẠY 1 KỸ NĂNG,0:50–2:00,"Các cậu chưa cần viết luật dài đâu. Chỉ cần trả lời cho tớ 5 câu hỏi. Một: Có mấy người chơi? Hai: Ai đi trước? Ba: Mỗi lượt người chơi làm gì? Bốn: So thẻ thế nào, nếu bằng nhau thì sao? Năm: Khi nào trò chơi kết thúc và ai thắng? Cứ trả lời theo cách các cậu nói bình thường, ngắn cũng được.

Ví dụ Tomi trả lời: “Hai đến bốn người. Ai sinh nhật gần nhất đi trước. Mỗi người lật một lá, người đi trước chọn Sức, Nhanh hoặc Khéo. Ai có điểm cao nhất thì lấy các lá. Nếu bằng nhau thì để giữa bàn. Khi hết bài, ai có nhiều lá nhất thắng.” Được rồi! Ý tưởng là của Tomi. Việc của tớ chỉ là sắp xếp và viết lại cho dễ đọc hơn, chứ tớ không tự thêm luật mới.

Tớ có thể viết lại thành: “Trò chơi dành cho 2–4 người. Người có sinh nhật gần nhất đi trước. Mỗi lượt, tất cả cùng lật một thẻ. Người đi trước chọn một chỉ số: Sức, Nhanh hoặc Khéo. Người có điểm cao nhất ở chỉ số đó lấy các thẻ trên bàn. Nếu bằng điểm, các thẻ được để lại giữa bàn và người thắng lượt tiếp theo lấy tất cả. Khi hết bài, người giữ nhiều thẻ nhất thắng.” Đấy, cùng một ý tưởng thôi, nhưng đọc lên rõ hơn hẳn.

Nhưng khoan nhé, luật viết xong vẫn chưa chắc chơi được. Phải đem ra chơi thử. Bố với Tomi chơi một ván, vừa chơi đã phát hiện một câu chưa rõ. Nếu ba người cùng bằng điểm thì sao? À, vậy Tomi phải quyết định thêm, rồi nói lại cho tớ. Tớ sẽ cập nhật bộ luật. Nhớ nhé: AKI giúp viết cho rõ, còn các cậu quyết định luật.","[calm] Các cậu chưa cần viết luật dài đâu. [deliberate] Chỉ cần trả lời cho tớ 5 câu hỏi. [curious] Một: Có mấy người chơi? Hai: Ai đi trước? Ba: Mỗi lượt người chơi làm gì? Bốn: So thẻ thế nào, nếu bằng nhau thì sao? Năm: Khi nào trò chơi kết thúc và ai thắng? [encouraging] Cứ trả lời theo cách các cậu nói bình thường, ngắn cũng được.

[cheerful] Ví dụ Tomi trả lời: “Hai đến bốn người. Ai sinh nhật gần nhất đi trước. Mỗi người lật một lá, người đi trước chọn Sức, Nhanh hoặc Khéo. Ai có điểm cao nhất thì lấy các lá. Nếu bằng nhau thì để giữa bàn. Khi hết bài, ai có nhiều lá nhất thắng.” [proud] Được rồi! [warm] Ý tưởng là của Tomi. [calm] Việc của tớ chỉ là sắp xếp và viết lại cho dễ đọc hơn, chứ tớ không tự thêm luật mới.

[deliberate] Tớ có thể viết lại thành: “Trò chơi dành cho 2–4 người. Người có sinh nhật gần nhất đi trước. Mỗi lượt, tất cả cùng lật một thẻ. Người đi trước chọn một chỉ số: Sức, Nhanh hoặc Khéo. Người có điểm cao nhất ở chỉ số đó lấy các thẻ trên bàn. Nếu bằng điểm, các thẻ được để lại giữa bàn và người thắng lượt tiếp theo lấy tất cả. Khi hết bài, người giữ nhiều thẻ nhất thắng.” [proud] Đấy, cùng một ý tưởng thôi, nhưng đọc lên rõ hơn hẳn.

[thoughtful] Nhưng khoan nhé, luật viết xong vẫn chưa chắc chơi được. [emphasized] Phải đem ra chơi thử. [cheerful] Bố với Tomi chơi một ván, vừa chơi đã phát hiện một câu chưa rõ. [curious] Nếu ba người cùng bằng điểm thì sao? [thoughtful] À, vậy Tomi phải quyết định thêm, rồi nói lại cho tớ. Tớ sẽ cập nhật bộ luật. [emphasized] Nhớ nhé: AKI giúp viết cho rõ, còn các cậu quyết định luật.","Mèo AKI chia sẻ, diễn hoạt bảng trắng",,,
,5. THỬ THÁCH + CHỐT + OUTRO,4:00–5:30,"Bây giờ đến lượt các cậu. Hãy trả lời đủ 5 câu hỏi bằng lời của mình, rồi nhờ tớ viết lại thành một bộ luật ngắn, dễ hiểu. Sau đó rủ ít nhất một người trong nhà chơi thử. Chỗ nào họ phải dừng lại hỏi “Tiếp theo làm gì?” hoặc “Thế này tính sao?” thì đánh dấu lại, bổ sung câu trả lời rồi nhờ tớ sửa luật lần nữa.

Và nhớ câu hôm nay: Nói luật của cậu trước – AKI giúp viết cho rõ – rồi phải chơi thử. Luật chưa chơi thử thì chưa phải luật hoàn chỉnh.

Buổi sau là bài cuối cùng của cả khóa. Chúng mình sẽ làm bàn cờ, đóng bộ trò chơi và rủ cả nhà chơi một ván thật. Tớ chờ các cậu! Bái bai!","[encouraging] Bây giờ đến lượt các cậu. [deliberate] Hãy trả lời đủ 5 câu hỏi bằng lời của mình, rồi nhờ tớ viết lại thành một bộ luật ngắn, dễ hiểu. [cheerful] Sau đó rủ ít nhất một người trong nhà chơi thử. [serious] Chỗ nào họ phải dừng lại hỏi “Tiếp theo làm gì?” hoặc “Thế này tính sao?” thì đánh dấu lại, bổ sung câu trả lời rồi nhờ tớ sửa luật lần nữa.

[emphasized] Và nhớ câu hôm nay: Nói luật của cậu trước – AKI giúp viết cho rõ – rồi phải chơi thử. [serious] Luật chưa chơi thử thì chưa phải luật hoàn chỉnh.

[excited] Buổi sau là bài cuối cùng của cả khóa. [cheerful] Chúng mình sẽ làm bàn cờ, đóng bộ trò chơi và rủ cả nhà chơi một ván thật. [warm] Tớ chờ các cậu! Bái bai!","Mèo AKI chia sẻ  diễn hoạt bảng trắng + 1 mình, Popup Text",,,
,,,,,,,,
Bài 5.5 — ĐẤU TRƯỜNG KHAI MỞ,,,,,,,,
1.4,1. INTRO,0:00–0:15,"Xưởng sáng tạo Ây Ai Kít mở cửa rồi! Xin chào các cậu, lại là tớ đây, chú mèo máy thông minh nhì quả đất này. Hôm nay là bài CUỐI CÙNG của cả khóa học: Đấu trường khai mở. Bộ thẻ có rồi, luật chơi có rồi. Hôm nay mình làm nốt bàn cờ, đóng thành một bộ hoàn chỉnh và quan trọng nhất là... chơi thật!","[excited] Xưởng sáng tạo Ây Ai Kít mở cửa rồi! [cheerful] Xin chào các cậu, lại là tớ đây, chú mèo máy thông minh nhì quả đất này. [proud] Hôm nay là bài CUỐI CÙNG của cả khóa học: Đấu trường khai mở. [deliberate] Bộ thẻ có rồi, luật chơi có rồi. [determined] Hôm nay mình làm nốt bàn cờ, đóng thành một bộ hoàn chỉnh và quan trọng nhất là... chơi thật!","Intro Mèo AIKI mở cửa, và  bắt đầu chia sẻ, có POP UP Text",,,
,2. TÌNH HUỐNG,0:15–0:50,"Trước tiên, tớ dẫn các cậu đến một nơi tên là KHO TRÒ CHƠI NGỦ QUÊN. Ở đây có rất nhiều bộ trò chơi đẹp ơi là đẹp: thẻ đủ, luật đủ, hộp cũng xịn. Nhưng làm xong, chủ nhân lại cất vào ngăn kéo và bảo: “Hôm nào mình sẽ chơi.” Thế rồi chúng cứ nằm im mãi. Một trò chơi mà chưa có ai chơi thì vẫn chưa làm xong đâu nhé.","[curious] Trước tiên, tớ dẫn các cậu đến một nơi tên là KHO TRÒ CHƠI NGỦ QUÊN. [amazed] Ở đây có rất nhiều bộ trò chơi đẹp ơi là đẹp: thẻ đủ, luật đủ, hộp cũng xịn. [sighs] Nhưng làm xong, chủ nhân lại cất vào ngăn kéo và bảo: “Hôm nào mình sẽ chơi.” [disappointed] Thế rồi chúng cứ nằm im mãi. [emphasized] Một trò chơi mà chưa có ai chơi thì vẫn chưa làm xong đâu nhé.", Tình huống,,,
,3. XEM MẪU + DẠY 1 KỸ NĂNG,0:50–2:00,"Hôm trước Dori cũng làm một bàn cờ rất đẹp. Có đường đi, có ô đánh số. Cả nhà chơi được một lúc thì bố hỏi: “Ơ, thế đi đến đâu thì thắng?” Dori nhìn lại... quên mất ô ĐÍCH! Thế là mọi người cứ đi vòng vòng mãi.

Vậy một bàn cờ của mình cần đủ bốn thứ: XUẤT PHÁT – ĐƯỜNG ĐI – Ô ĐẶC BIỆT – ĐÍCH. Xuất phát là nơi bắt đầu. Đường đi cho mình biết phải đi thế nào. Đích cho biết khi nào kết thúc. Còn Ô ĐẶC BIỆT là chỗ vui nhất, vì các cậu có thể tự nghĩ luật riêng cho trò chơi của mình.

Ví dụ nhà Dori có một chú mèo rất hay nhảy lên bàn ăn, nên Dori làm ô: “MÈO CƯỚP ĐỒ ĂN – bỏ một lượt để đuổi mèo.” Nghe là biết ngay trò chơi này của Dori rồi. Các cậu cũng thử lấy một chuyện vui trong nhà mình để làm ô đặc biệt nhé.","[calm] Hôm trước Dori cũng làm một bàn cờ rất đẹp. [deliberate] Có đường đi, có ô đánh số. [curious] Cả nhà chơi được một lúc thì bố hỏi: “Ơ, thế đi đến đâu thì thắng?” [gasps] Dori nhìn lại... quên mất ô ĐÍCH! [giggles] Thế là mọi người cứ đi vòng vòng mãi.

[emphasized] Vậy một bàn cờ của mình cần đủ bốn thứ: XUẤT PHÁT – ĐƯỜNG ĐI – Ô ĐẶC BIỆT – ĐÍCH. [deliberate] Xuất phát là nơi bắt đầu. Đường đi cho mình biết phải đi thế nào. Đích cho biết khi nào kết thúc. [playful] Còn Ô ĐẶC BIỆT là chỗ vui nhất, vì các cậu có thể tự nghĩ luật riêng cho trò chơi của mình.

[mischievous] Ví dụ nhà Dori có một chú mèo rất hay nhảy lên bàn ăn, nên Dori làm ô: “MÈO CƯỚP ĐỒ ĂN – bỏ một lượt để đuổi mèo.” [giggles] Nghe là biết ngay trò chơi này của Dori rồi. [encouraging] Các cậu cũng thử lấy một chuyện vui trong nhà mình để làm ô đặc biệt nhé.","Mèo AKI chia sẻ, diễn hoạt bảng trắng",,,
,4. LÀM CÙNG,2:00–4:00,"Tớ làm thử bàn cờ cho bộ thẻ nhà bếp. Xuất phát ở CHẠN BÁT, đường đi chạy quanh căn bếp, có ô CHÁY NỒI – lùi ba ô. Tớ tưởng xong rồi, nhưng chơi thử mới phát hiện... tớ cũng quên ĐÍCH. Tớ thêm ngay ô cuối: MÂM CƠM HOÀN CHỈNH – ai đến đây trước thì thắng. Đấy, phải chơi thử mới biết mình còn thiếu gì.

Và các cậu nhớ cách sửa lỗi mình đã dùng suốt khóa nhé: Gọi tên lỗi – Tìm chỗ thiếu – Sửa rồi mới làm lại. Làm sai không sao. Quan trọng là mình biết sai ở đâu và biết cách sửa.","[cheerful] Tớ làm thử bàn cờ cho bộ thẻ nhà bếp. [deliberate] Xuất phát ở CHẠN BÁT, đường đi chạy quanh căn bếp, có ô CHÁY NỒI – lùi ba ô. [surprised] Tớ tưởng xong rồi, nhưng chơi thử mới phát hiện... tớ cũng quên ĐÍCH. [determined] Tớ thêm ngay ô cuối: MÂM CƠM HOÀN CHỈNH – ai đến đây trước thì thắng. [proud] Đấy, phải chơi thử mới biết mình còn thiếu gì.

[emphasized] Và các cậu nhớ cách sửa lỗi mình đã dùng suốt khóa nhé: Gọi tên lỗi – Tìm chỗ thiếu – Sửa rồi mới làm lại. [warm] Làm sai không sao. [encouraging] Quan trọng là mình biết sai ở đâu và biết cách sửa.","Mèo AKI chia sẻ, diễn hoạt bảng trắng",,,
,5. THỬ THÁCH,4:00–5:30,"Bây giờ đến lượt các cậu. Hãy làm bàn cờ đủ Xuất phát – Đường đi – Ô đặc biệt – Đích, rồi làm vỏ hộp để cất 12 thẻ, bàn cờ và luật chơi. Phần in, cắt hoặc gấp khó thì nhớ nhờ người lớn giúp.

Sau đó là bước quan trọng nhất: rủ cả nhà chơi một ván thật từ đầu đến cuối. Trong lúc chơi, nếu có chỗ nào mọi người chưa hiểu, chưa vui hoặc còn tranh luận, hãy sửa lại. Vì một trò chơi không phải để nằm đẹp trong hộp. Nó được làm ra để mọi người cùng chơi.

Và nhớ hai câu của chương cuối nhé: Trò chơi hay là trò chơi công bằng. Trò chơi chỉ thật sự hoàn thành khi có người chơi nó","[encouraging] Bây giờ đến lượt các cậu. [deliberate] Hãy làm bàn cờ đủ Xuất phát – Đường đi – Ô đặc biệt – Đích, rồi làm vỏ hộp để cất 12 thẻ, bàn cờ và luật chơi. [gentle] Phần in, cắt hoặc gấp khó thì nhớ nhờ người lớn giúp.

[excited] Sau đó là bước quan trọng nhất: rủ cả nhà chơi một ván thật từ đầu đến cuối. [calm] Trong lúc chơi, nếu có chỗ nào mọi người chưa hiểu, chưa vui hoặc còn tranh luận, hãy sửa lại. [serious] Vì một trò chơi không phải để nằm đẹp trong hộp. [warm] Nó được làm ra để mọi người cùng chơi.

[emphasized] Và nhớ hai câu của chương cuối nhé: Trò chơi hay là trò chơi công bằng. [determined] Trò chơi chỉ thật sự hoàn thành khi có người chơi nó","Mèo AKI chia sẻ, diễn hoạt bảng trắng",,,
,6.  + CHỐT + OUTRO,5:30 - 6:30,"Trước khi kết thúc khóa học, tớ muốn nhắc lại những điều chúng mình đã học: Tả càng rõ, tớ càng hiểu đúng. Bức tranh đẹp là bức tranh kể được một chuyện. Nhân vật hay không phải vì đẹp, mà vì có tính cách. Tớ có thể giúp vẽ truyện, nhưng các cậu mới là người nghĩ ra câu chuyện. Và trò chơi hay là trò chơi công bằng.
Các cậu để ý không? Không có câu nào là “AKI làm hết.” Tớ có thể giúp các cậu tạo nhanh hơn, thử nhiều hơn và biến ý tưởng thành hình. Nhưng ý tưởng, câu chuyện, nhân vật và trò chơi phải bắt đầu từ chính các cậu.
Việc cuối cùng nhé. Hãy bày những sản phẩm mình đã làm trong khóa học ra bàn: tranh, thẻ nhân vật, truyện tranh, bộ trò chơi... rồi gọi cả nhà lại xem. Đó chính là triển lãm của các cậu.
Cảm ơn các cậu đã đi cùng tớ đến tận đây. Xưởng sáng tạo Ây Ai Kít lúc nào cũng mở cửa. Còn bây giờ... tớ chào các cậu nhé. Bái baiii!","[warm] Trước khi kết thúc khóa học, tớ muốn nhắc lại những điều chúng mình đã học: [deliberate] Tả càng rõ, tớ càng hiểu đúng. Bức tranh đẹp là bức tranh kể được một chuyện. [thoughtful] Nhân vật hay không phải vì đẹp, mà vì có tính cách. Tớ có thể giúp vẽ truyện, nhưng các cậu mới là người nghĩ ra câu chuyện. [emphasized] Và trò chơi hay là trò chơi công bằng.
[curious] Các cậu để ý không? [serious] Không có câu nào là “AKI làm hết.” [calm] Tớ có thể giúp các cậu tạo nhanh hơn, thử nhiều hơn và biến ý tưởng thành hình. [emphasized] Nhưng ý tưởng, câu chuyện, nhân vật và trò chơi phải bắt đầu từ chính các cậu.
[playful] Việc cuối cùng nhé. [excited] Hãy bày những sản phẩm mình đã làm trong khóa học ra bàn: tranh, thẻ nhân vật, truyện tranh, bộ trò chơi... rồi gọi cả nhà lại xem. [proud] Đó chính là triển lãm của các cậu.
[warm] Cảm ơn các cậu đã đi cùng tớ đến tận đây. [cheerful] Xưởng sáng tạo Ây Ai Kít lúc nào cũng mở cửa. [gentle] Còn bây giờ... tớ chào các cậu nhé. [excited] Bái baiii!","Mèo AKI chia sẻ  diễn hoạt bảng trắng + 1 mình, Popup Text",,,